date,store_name,machine_number,machine_name,games,diff,bb,rb,art,total_rate,bb_rate,rb_rate,art_rate
2026-08-21,楽園大宮店,2001,スマスロ サンダーV,5636,-1809,19,10,0,194.3,296.6,563.6,
2026-08-21,楽園大宮店,2002,スマスロ サンダーV,4089,-523,12,12,0,170.4,340.8,340.8,
2026-08-21,楽園大宮店,2003,スマスロ サンダーV,5691,1572,24,11,0,162.6,237.1,517.4,
2026-08-21,楽園大宮店,2004,スマスロ サンダーV,4964,2762,25,14,0,127.3,198.6,354.6,
2026-08-21,楽園大宮店,2005,スマスロ サンダーV,6479,-1000,22,12,0,190.6,294.5,539.9,
2026-08-21,楽園大宮店,2006,スマスロ サンダーV,4079,1048,17,10,0,151.1,239.9,407.9,
2026-08-21,楽園大宮店,2007,スマスロ サンダーV,6405,3619,35,15,0,128.1,183.0,427.0,
2026-08-21,楽園大宮店,2008,スマスロ サンダーV,6703,-333,25,9,0,197.1,268.1,744.8,
2026-08-21,楽園大宮店,2009,SHAKE BONUS TRIGGER,6493,-762,18,17,0,185.5,360.7,381.9,
2026-08-21,楽園大宮店,2010,SHAKE BONUS TRIGGER,3383,-190,8,8,0,211.4,422.9,422.9,
2026-08-21,楽園大宮店,2011,SHAKE BONUS TRIGGER,5120,858,18,14,0,160.0,284.4,365.7,
2026-08-21,楽園大宮店,2012,SHAKE BONUS TRIGGER,3479,-1523,5,11,0,217.4,695.8,316.3,
2026-08-21,楽園大宮店,2013,SHAKE BONUS TRIGGER,4587,-3285,6,9,0,305.8,764.5,509.7,
2026-08-21,楽園大宮店,2014,ケロット5,2162,-2047,4,1,0,432.4,540.5,2162.0,
2026-08-21,楽園大宮店,2015,ケロット5,4661,-1523,14,10,0,194.2,332.9,466.1,
2026-08-21,楽園大宮店,2016,ケロット5,6333,334,31,15,0,137.7,204.3,422.2,
2026-08-21,楽園大宮店,2017,クレアの秘宝伝 ～はじまりの扉と太陽の石～ ボーナストリガーver.,5220,191,18,14,0,163.1,290.0,372.9,
2026-08-21,楽園大宮店,2018,クレアの秘宝伝 ～はじまりの扉と太陽の石～ ボーナストリガーver.,1912,-1142,4,3,0,273.1,478.0,637.3,
2026-08-21,楽園大宮店,2019,クレアの秘宝伝 ～はじまりの扉と太陽の石～ ボーナストリガーver.,6053,1715,25,14,0,155.2,242.1,432.4,
2026-08-21,楽園大宮店,2020,クレアの秘宝伝 ～はじまりの扉と太陽の石～ ボーナストリガーver.,2516,715,11,6,0,148.0,228.7,419.3,
2026-08-21,楽園大宮店,2021,クレアの秘宝伝 ～はじまりの扉と太陽の石～ ボーナストリガーver.,3901,-2047,9,8,0,229.5,433.4,487.6,
2026-08-21,楽園大宮店,2028,スマスロ ハナビ,6469,-1333,19,18,0,174.8,340.5,359.4,
2026-08-21,楽園大宮店,2029,スマスロ ハナビ,4892,-1333,14,9,0,212.7,349.4,543.6,
2026-08-21,楽園大宮店,2030,スマスロ ハナビ,2901,-1571,5,7,0,241.8,580.2,414.4,
2026-08-21,楽園大宮店,2031,スマスロ ハナビ,7653,143,24,27,0,150.1,318.9,283.4,
2026-08-21,楽園大宮店,2032,スマスロ ハナビ,4654,96,16,16,0,145.4,290.9,290.9,
2026-08-21,楽園大宮店,2033,スマスロ ハナビ,2173,-142,7,3,0,217.3,310.4,724.3,
2026-08-21,楽園大宮店,2034,スマスロ ハナビ,8082,96,24,30,0,149.7,336.8,269.4,
2026-08-21,楽園大宮店,2035,スマスロ ハナビ,4621,715,18,14,0,144.4,256.7,330.1,
2026-08-21,楽園大宮店,2036,バーサスリヴァイズ,7431,-95,22,27,0,151.7,337.8,275.2,
2026-08-21,楽園大宮店,2037,バーサスリヴァイズ,5153,-1523,10,17,0,190.9,515.3,303.1,
2026-08-21,楽園大宮店,2038,バーサスリヴァイズ,5015,191,16,16,0,156.7,313.4,313.4,
2026-08-21,楽園大宮店,2039,バーサスリヴァイズ,8057,477,28,24,0,154.9,287.8,335.7,
2026-08-21,楽園大宮店,2040,ジャグラーガールズ,5668,-48,20,23,0,131.8,283.4,246.4,
2026-08-21,楽園大宮店,2041,ジャグラーガールズ,5514,762,23,19,0,131.3,239.7,290.2,
2026-08-21,楽園大宮店,2042,ジャグラーガールズ,6973,1524,35,16,0,136.7,199.2,435.8,
2026-08-21,楽園大宮店,2043,ジャグラーガールズ,5648,-1333,17,16,0,171.2,332.2,353.0,
2026-08-21,楽園大宮店,2044,ジャグラーガールズ,6370,1000,28,21,0,130.0,227.5,303.3,
2026-08-21,楽園大宮店,2045,ジャグラーガールズ,3031,-1047,7,9,0,189.4,433.0,336.8,
2026-08-21,楽園大宮店,2046,ジャグラーガールズ,8126,381,33,24,0,142.6,246.2,338.6,
2026-08-21,楽園大宮店,2047,ジャグラーガールズ,8495,-1666,25,26,0,166.6,339.8,326.7,
2026-08-21,楽園大宮店,2048,ジャグラーガールズ,4862,-48,18,15,0,147.3,270.1,324.1,
2026-08-21,楽園大宮店,2049,ジャグラーガールズ,5144,-1047,18,17,0,147.0,285.8,302.6,
2026-08-21,楽園大宮店,2050,ジャグラーガールズ,7232,191,30,21,0,141.8,241.1,344.4,
2026-08-21,楽園大宮店,2051,ファンキージャグラー2,2678,-714,7,7,0,191.3,382.6,382.6,
2026-08-21,楽園大宮店,2052,ファンキージャグラー2,5836,-762,19,15,0,171.6,307.2,389.1,
2026-08-21,楽園大宮店,2053,ファンキージャグラー2,2494,-1000,6,8,0,178.1,415.7,311.8,
2026-08-21,楽園大宮店,2054,ファンキージャグラー2,5848,524,26,16,0,139.2,224.9,365.5,
2026-08-21,楽園大宮店,2055,ファンキージャグラー2,6679,2096,31,26,0,117.2,215.5,256.9,
2026-08-21,楽園大宮店,2056,ファンキージャグラー2,3123,-571,10,5,0,208.2,312.3,624.6,
2026-08-21,楽園大宮店,2057,ファンキージャグラー2,3147,-619,10,6,0,196.7,314.7,524.5,
2026-08-21,楽園大宮店,2058,ファンキージャグラー2,5682,524,22,17,0,145.7,258.3,334.2,
2026-08-21,楽園大宮店,2059,ファンキージャグラー2,7241,2334,37,21,0,124.8,195.7,344.8,
2026-08-21,楽園大宮店,2060,ファンキージャグラー2,5326,-428,18,18,0,147.9,295.9,295.9,
2026-08-21,楽園大宮店,2061,ファンキージャグラー2,5770,-95,18,22,0,144.2,320.6,262.3,
2026-08-21,楽園大宮店,2062,ファンキージャグラー2,4706,-1285,15,6,0,224.1,313.7,784.3,
2026-08-21,楽園大宮店,2063,ファンキージャグラー2,2122,-381,8,3,0,192.9,265.2,707.3,
2026-08-21,楽園大宮店,2064,ファンキージャグラー2,5182,143,22,11,0,157.0,235.5,471.1,
2026-08-21,楽園大宮店,2065,ファンキージャグラー2,3192,-1762,6,7,0,245.5,532.0,456.0,
2026-08-21,楽園大宮店,2066,ファンキージャグラー2,3357,-714,10,10,0,167.8,335.7,335.7,
2026-08-21,楽園大宮店,2067,ファンキージャグラー2,2473,-1714,4,2,0,412.2,618.2,1236.5,
2026-08-21,楽園大宮店,2068,ファンキージャグラー2,4674,-857,13,14,0,173.1,359.5,333.9,
2026-08-21,楽園大宮店,2069,ファンキージャグラー2,4897,-1190,10,21,0,158.0,489.7,233.2,
2026-08-21,楽園大宮店,2070,ファンキージャグラー2,4650,-381,18,10,0,166.1,258.3,465.0,
2026-08-21,楽園大宮店,2071,ファンキージャグラー2,0,0,0,0,0,,,,
2026-08-21,楽園大宮店,2072,ファンキージャグラー2,4518,524,22,9,0,145.7,205.4,502.0,
2026-08-21,楽園大宮店,2073,ファンキージャグラー2,3878,-1190,11,7,0,215.4,352.5,554.0,
2026-08-21,楽園大宮店,2074,ファンキージャグラー2,3902,-48,16,9,0,156.1,243.9,433.6,
2026-08-21,楽園大宮店,2075,ファンキージャグラー2,4125,-523,15,8,0,179.3,275.0,515.6,
2026-08-21,楽園大宮店,2076,ファンキージャグラー2,3360,191,15,6,0,160.0,224.0,560.0,
2026-08-21,楽園大宮店,2077,ファンキージャグラー2,4730,-952,16,11,0,175.2,295.6,430.0,
2026-08-21,楽園大宮店,2078,ファンキージャグラー2,3817,-1285,13,6,0,200.9,293.6,636.2,
2026-08-21,楽園大宮店,2079,ファンキージャグラー2,2850,-904,9,3,0,237.5,316.7,950.0,
2026-08-21,楽園大宮店,2080,ファンキージャグラー2,5334,381,23,16,0,136.8,231.9,333.4,
2026-08-21,楽園大宮店,2081,ファンキージャグラー2,7069,2810,36,23,0,119.8,196.4,307.3,
2026-08-21,楽園大宮店,2082,ファンキージャグラー2,4889,96,21,13,0,143.8,232.8,376.1,
2026-08-21,楽園大宮店,2083,ファンキージャグラー2,7070,905,31,19,0,141.4,228.1,372.1,
2026-08-21,楽園大宮店,2084,ネオアイムジャグラーEX,5815,-857,19,16,0,166.1,306.1,363.4,
2026-08-21,楽園大宮店,2085,ネオアイムジャグラーEX,2141,-428,8,1,0,237.9,267.6,2141.0,
2026-08-21,楽園大宮店,2086,ネオアイムジャグラーEX,3907,1762,22,7,0,134.7,177.6,558.1,
2026-08-21,楽園大宮店,2087,ネオアイムジャグラーEX,5015,334,22,12,0,147.5,228.0,417.9,
2026-08-21,楽園大宮店,2088,ネオアイムジャグラーEX,4546,-142,17,13,0,151.5,267.4,349.7,
2026-08-21,楽園大宮店,2089,ネオアイムジャグラーEX,3219,334,11,8,0,169.4,292.6,402.4,
2026-08-21,楽園大宮店,2090,ネオアイムジャグラーEX,3309,-1190,10,5,0,220.6,330.9,661.8,
2026-08-21,楽園大宮店,2091,ネオアイムジャグラーEX,4207,-1285,11,12,0,182.9,382.5,350.6,
2026-08-21,楽園大宮店,2092,ネオアイムジャグラーEX,4763,858,21,10,0,153.6,226.8,476.3,
2026-08-21,楽園大宮店,2093,ネオアイムジャグラーEX,5587,-428,22,8,0,186.2,254.0,698.4,
2026-08-21,楽園大宮店,2094,ネオアイムジャグラーEX,4495,-1333,14,7,0,214.0,321.1,642.1,
2026-08-21,楽園大宮店,2095,ネオアイムジャグラーEX,2827,-1571,6,6,0,235.6,471.2,471.2,
2026-08-21,楽園大宮店,2096,ネオアイムジャグラーEX,6254,-238,23,18,0,152.5,271.9,347.4,
2026-08-21,楽園大宮店,2097,ネオアイムジャグラーEX,5247,-1952,12,14,0,201.8,437.2,374.8,
2026-08-21,楽園大宮店,2098,ネオアイムジャグラーEX,3464,-381,13,6,0,182.3,266.5,577.3,
2026-08-21,楽園大宮店,2099,ウルトラミラクルジャグラー,6074,-1476,19,17,0,168.7,319.7,357.3,
2026-08-21,楽園大宮店,2100,ウルトラミラクルジャグラー,5324,2000,26,18,0,121.0,204.8,295.8,
2026-08-21,楽園大宮店,2101,ウルトラミラクルジャグラー,5939,-619,22,12,0,174.7,270.0,494.9,
2026-08-21,楽園大宮店,2102,ウルトラミラクルジャグラー,6121,-48,26,15,0,149.3,235.4,408.1,
2026-08-21,楽園大宮店,2103,ウルトラミラクルジャグラー,5124,-2095,12,14,0,197.1,427.0,366.0,
2026-08-21,楽園大宮店,2104,ウルトラミラクルジャグラー,6099,1429,29,17,0,132.6,210.3,358.8,
2026-08-21,楽園大宮店,2105,ウルトラミラクルジャグラー,3566,-1190,12,4,0,222.9,297.2,891.5,
2026-08-21,楽園大宮店,2106,ミリオンゴッド‐神々の軌跡‐,7102,-3190,0,0,18,394.6,,,394.6
2026-08-21,楽園大宮店,2107,ミリオンゴッド‐神々の軌跡‐,5581,-2333,0,0,15,372.1,,,372.1
2026-08-21,楽園大宮店,2108,ミリオンゴッド‐神々の軌跡‐,3283,-904,7,0,16,142.7,469.0,,205.2
2026-08-21,楽園大宮店,2109,ミリオンゴッド‐神々の軌跡‐,8166,4572,6,0,46,157.0,1361.0,,177.5
2026-08-21,楽園大宮店,2110,ミリオンゴッド‐神々の軌跡‐,4861,2953,3,0,26,167.6,1620.3,,187.0
2026-08-21,楽園大宮店,2111,ミリオンゴッド‐神々の軌跡‐,3628,238,0,0,14,259.1,,,259.1
2026-08-21,楽園大宮店,2112,ミリオンゴッド‐神々の軌跡‐,8226,-762,7,0,36,191.3,1175.1,,228.5
2026-08-21,楽園大宮店,2113,ミリオンゴッド‐神々の軌跡‐,4956,6810,7,0,38,110.1,708.0,,130.4
2026-08-21,楽園大宮店,2114,ミリオンゴッド‐神々の軌跡‐,1444,-952,0,0,3,481.3,,,481.3
2026-08-21,楽園大宮店,2115,ミリオンゴッド‐神々の軌跡‐,8347,810,12,0,39,163.7,695.6,,214.0
2026-08-21,楽園大宮店,2116,ミリオンゴッド‐神々の軌跡‐,8566,11762,15,0,69,102.0,571.1,,124.1
2026-08-21,楽園大宮店,2117,ミリオンゴッド‐神々の軌跡‐,4974,-2238,2,0,14,310.9,2487.0,,355.3
2026-08-21,楽園大宮店,2118,ミリオンゴッド‐神々の軌跡‐,8855,6858,7,0,55,142.8,1265.0,,161.0
2026-08-21,楽園大宮店,2119,ミリオンゴッド‐神々の軌跡‐,5708,15477,14,0,67,70.5,407.7,,85.2
2026-08-21,楽園大宮店,2120,ミリオンゴッド‐神々の軌跡‐,5453,-857,0,0,19,287.0,,,287.0
2026-08-21,楽園大宮店,2121,ミリオンゴッド‐神々の軌跡‐,6462,-428,6,0,29,184.6,1077.0,,222.8
2026-08-21,楽園大宮店,2122,ミリオンゴッド‐神々の軌跡‐,3216,-1952,0,0,7,459.4,,,459.4
2026-08-21,楽園大宮店,2123,ミリオンゴッド‐神々の軌跡‐,4401,238,3,0,20,191.3,1467.0,,220.1
2026-08-21,楽園大宮店,2124,ミリオンゴッド‐神々の軌跡‐,3394,-2428,0,0,7,484.9,,,484.9
2026-08-21,楽園大宮店,2125,ミリオンゴッド‐神々の軌跡‐,3370,-2571,0,0,6,561.7,,,561.7
2026-08-21,楽園大宮店,2126,ミリオンゴッド‐神々の軌跡‐,6106,-3238,2,0,17,321.4,3053.0,,359.2
2026-08-21,楽園大宮店,2127,ミリオンゴッド‐神々の軌跡‐,6675,2667,2,0,32,196.3,3337.5,,208.6
2026-08-21,楽園大宮店,2128,ミリオンゴッド‐神々の軌跡‐,6389,-2952,0,0,16,399.3,,,399.3
2026-08-21,楽園大宮店,2145,ミリオンゴッド‐神々の軌跡‐,3005,-2190,0,0,5,601.0,,,601.0
2026-08-21,楽園大宮店,2146,ミリオンゴッド‐神々の軌跡‐,7034,8905,10,0,53,111.7,703.4,,132.7
2026-08-21,楽園大宮店,2147,ミリオンゴッド‐神々の軌跡‐,1335,-1285,0,0,2,667.5,,,667.5
2026-08-21,楽園大宮店,2148,ミリオンゴッド‐神々の軌跡‐,4168,3000,12,0,31,96.9,347.3,,134.5
2026-08-21,楽園大宮店,2149,ミリオンゴッド‐神々の軌跡‐,2363,-1619,0,0,5,472.6,,,472.6
2026-08-21,楽園大宮店,2150,ミリオンゴッド‐神々の軌跡‐,3794,-1333,0,0,11,344.9,,,344.9
2026-08-21,楽園大宮店,2151,真打 吉宗,7121,7715,0,7,98,67.8,,1017.3,72.7
2026-08-21,楽園大宮店,2152,真打 吉宗,4852,858,0,11,47,83.7,,441.1,103.2
2026-08-21,楽園大宮店,2153,真打 吉宗,6442,-5095,0,16,20,178.9,,402.6,322.1
2026-08-21,楽園大宮店,2154,真打 吉宗,6086,810,0,11,55,92.2,,553.3,110.7
2026-08-21,楽園大宮店,2155,真打 吉宗,7480,-3952,0,17,37,138.5,,440.0,202.2
2026-08-21,楽園大宮店,2156,真打 吉宗,5275,4238,0,14,68,64.3,,376.8,77.6
2026-08-21,楽園大宮店,2157,真打 吉宗,6616,-2523,0,15,37,127.2,,441.1,178.8
2026-08-21,楽園大宮店,2158,真打 吉宗,7056,-4952,0,17,32,144.0,,415.1,220.5
2026-08-21,楽園大宮店,2159,真打 吉宗,4580,-142,0,9,32,111.7,,508.9,143.1
2026-08-21,楽園大宮店,2160,真打 吉宗,7464,1905,0,19,72,82.0,,392.8,103.7
2026-08-21,楽園大宮店,2161,ミリオンゴッド‐神々の軌跡‐,2397,-1904,0,0,4,599.2,,,599.2
2026-08-21,楽園大宮店,2162,ミリオンゴッド‐神々の軌跡‐,2266,-1000,0,0,6,377.7,,,377.7
2026-08-21,楽園大宮店,2163,ミリオンゴッド‐神々の軌跡‐,8147,715,0,0,31,262.8,,,262.8
2026-08-21,楽園大宮店,2164,ミリオンゴッド‐神々の軌跡‐,5217,-3857,0,0,10,521.7,,,521.7
2026-08-21,楽園大宮店,2165,ミリオンゴッド‐神々の軌跡‐,4993,-1381,0,0,15,332.9,,,332.9
2026-08-21,楽園大宮店,2166,ミリオンゴッド‐神々の軌跡‐,7220,238,6,0,32,190.0,1203.3,,225.6
2026-08-21,楽園大宮店,2191,ネオアイムジャグラーEX,5124,-428,19,9,0,183.0,269.7,569.3,
2026-08-21,楽園大宮店,2192,ネオアイムジャグラーEX,3800,-714,13,7,0,190.0,292.3,542.9,
2026-08-21,楽園大宮店,2193,ネオアイムジャグラーEX,4417,1381,21,11,0,138.0,210.3,401.5,
2026-08-21,楽園大宮店,2194,ネオアイムジャグラーEX,5181,-904,17,12,0,178.7,304.8,431.8,
2026-08-21,楽園大宮店,2195,ネオアイムジャグラーEX,4439,-48,18,10,0,158.5,246.6,443.9,
2026-08-21,楽園大宮店,2196,ネオアイムジャグラーEX,3957,-762,14,7,0,188.4,282.6,565.3,
2026-08-21,楽園大宮店,2197,ネオアイムジャグラーEX,4576,-1333,12,13,0,183.0,381.3,352.0,
2026-08-21,楽園大宮店,2198,ネオアイムジャグラーEX,4291,238,18,12,0,143.0,238.4,357.6,
2026-08-21,楽園大宮店,2199,ネオアイムジャグラーEX,4341,-1285,13,9,0,197.3,333.9,482.3,
2026-08-21,楽園大宮店,2200,ネオアイムジャグラーEX,5707,-1952,15,12,0,211.4,380.5,475.6,
2026-08-21,楽園大宮店,2201,ネオアイムジャグラーEX,5044,-333,18,13,0,162.7,280.2,388.0,
2026-08-21,楽園大宮店,2202,ネオアイムジャグラーEX,5210,2096,28,14,0,124.0,186.1,372.1,
2026-08-21,楽園大宮店,2203,ネオアイムジャグラーEX,6286,238,24,20,0,142.9,261.9,314.3,
2026-08-21,楽園大宮店,2204,ネオアイムジャグラーEX,4201,-333,15,13,0,150.0,280.1,323.2,
2026-08-21,楽園大宮店,2205,ネオアイムジャグラーEX,3085,477,16,5,0,146.9,192.8,617.0,
2026-08-21,楽園大宮店,2206,ネオアイムジャグラーEX,3446,-1285,8,10,0,191.4,430.8,344.6,
2026-08-21,楽園大宮店,2207,ネオアイムジャグラーEX,5546,810,26,8,0,163.1,213.3,693.2,
2026-08-21,楽園大宮店,2208,ネオアイムジャグラーEX,3448,-666,13,2,0,229.9,265.2,1724.0,
2026-08-21,楽園大宮店,2209,ネオアイムジャグラーEX,4581,1715,21,15,0,127.2,218.1,305.4,
2026-08-21,楽園大宮店,2210,ネオアイムジャグラーEX,4364,-1095,11,15,0,167.8,396.7,290.9,
2026-08-21,楽園大宮店,2211,ネオアイムジャグラーEX,2270,-1857,3,3,0,378.3,756.7,756.7,
2026-08-21,楽園大宮店,2212,ネオアイムジャグラーEX,7782,238,30,22,0,149.7,259.4,353.7,
2026-08-21,楽園大宮店,2213,ネオアイムジャグラーEX,2580,-285,8,7,0,172.0,322.5,368.6,
2026-08-21,楽園大宮店,2214,ネオアイムジャグラーEX,2461,-1095,5,4,0,273.4,492.2,615.2,
2026-08-21,楽園大宮店,2215,ネオアイムジャグラーEX,4262,-1285,10,13,0,185.3,426.2,327.8,
2026-08-21,楽園大宮店,2216,ネオアイムジャグラーEX,5284,-904,18,11,0,182.2,293.6,480.4,
2026-08-21,楽園大宮店,2217,ネオアイムジャグラーEX,5917,334,25,12,0,159.9,236.7,493.1,
2026-08-21,楽園大宮店,2218,ネオアイムジャグラーEX,6313,1096,31,11,0,150.3,203.6,573.9,
2026-08-21,楽園大宮店,2219,ネオアイムジャグラーEX,2451,-1095,6,5,0,222.8,408.5,490.2,
2026-08-21,楽園大宮店,2220,ネオアイムジャグラーEX,4677,-762,14,14,0,167.0,334.1,334.1,
2026-08-21,楽園大宮店,2221,ネオアイムジャグラーEX,1541,-1000,3,2,0,308.2,513.7,770.5,
2026-08-21,楽園大宮店,2222,ネオアイムジャグラーEX,6119,-95,23,19,0,145.7,266.0,322.1,
2026-08-21,楽園大宮店,2223,ネオアイムジャグラーEX,850,-952,1,0,0,850.0,850.0,,
2026-08-21,楽園大宮店,2224,ネオアイムジャグラーEX,3557,-333,12,8,0,177.8,296.4,444.6,
2026-08-21,楽園大宮店,2225,ネオアイムジャグラーEX,2244,-1428,5,2,0,320.6,448.8,1122.0,
2026-08-21,楽園大宮店,2226,ネオアイムジャグラーEX,3212,-95,13,4,0,188.9,247.1,803.0,
2026-08-21,楽園大宮店,2227,ネオアイムジャグラーEX,6865,-1952,17,19,0,190.7,403.8,361.3,
2026-08-21,楽園大宮店,2228,ネオアイムジャグラーEX,3605,238,16,9,0,144.2,225.3,400.6,
2026-08-21,楽園大宮店,2229,ネオアイムジャグラーEX,1352,-1238,1,2,0,450.7,1352.0,676.0,
2026-08-21,楽園大宮店,2230,ネオアイムジャグラーEX,5193,-857,16,12,0,185.5,324.6,432.8,
2026-08-21,楽園大宮店,2231,ネオアイムジャグラーEX,4339,-238,17,9,0,166.9,255.2,482.1,
2026-08-21,楽園大宮店,2232,ネオアイムジャグラーEX,3448,-571,10,11,0,164.2,344.8,313.5,
2026-08-21,楽園大宮店,2233,ネオアイムジャグラーEX,6472,-1333,18,16,0,190.4,359.6,404.5,
2026-08-21,楽園大宮店,2234,ネオアイムジャグラーEX,4322,334,20,5,0,172.9,216.1,864.4,
2026-08-21,楽園大宮店,2235,ネオアイムジャグラーEX,6594,-1666,18,20,0,173.5,366.3,329.7,
2026-08-21,楽園大宮店,2236,ネオアイムジャグラーEX,5097,96,19,15,0,149.9,268.3,339.8,
2026-08-21,楽園大宮店,2237,ネオアイムジャグラーEX,6258,1715,31,20,0,122.7,201.9,312.9,
2026-08-21,楽園大宮店,2238,ネオアイムジャグラーEX,1950,-619,5,6,0,177.3,390.0,325.0,
2026-08-21,楽園大宮店,2239,ネオアイムジャグラーEX,3037,-1333,9,0,0,337.4,337.4,,
2026-08-21,楽園大宮店,2240,ネオアイムジャグラーEX,5401,-762,18,12,0,180.0,300.1,450.1,
2026-08-21,楽園大宮店,2241,ネオアイムジャグラーEX,2816,-1095,5,6,0,256.0,563.2,469.3,
2026-08-21,楽園大宮店,2242,ネオアイムジャグラーEX,5984,1096,28,11,0,153.4,213.7,544.0,
2026-08-21,楽園大宮店,2243,ネオアイムジャグラーEX,3256,1667,18,9,0,120.6,180.9,361.8,
2026-08-21,楽園大宮店,2244,ネオアイムジャグラーEX,4982,810,20,16,0,138.4,249.1,311.4,
2026-08-21,楽園大宮店,2245,ネオアイムジャグラーEX,3461,-952,11,5,0,216.3,314.6,692.2,
2026-08-21,楽園大宮店,2246,ネオアイムジャグラーEX,1685,381,8,3,0,153.2,210.6,561.7,
2026-08-21,楽園大宮店,2247,ネオアイムジャグラーEX,4288,-1333,13,7,0,214.4,329.8,612.6,
2026-08-21,楽園大宮店,2248,ネオアイムジャグラーEX,5342,-571,21,8,0,184.2,254.4,667.8,
2026-08-21,楽園大宮店,2249,ストリートファイター6,6640,-5095,0,19,17,184.4,,349.5,390.6
2026-08-21,楽園大宮店,2250,ストリートファイター6,3694,-2428,0,8,14,167.9,,461.8,263.9
2026-08-21,楽園大宮店,2251,ストリートファイター6,4948,-1952,0,13,21,145.5,,380.6,235.6
2026-08-21,楽園大宮店,2252,ストリートファイター6,5889,-2762,0,17,23,147.2,,346.4,256.0
2026-08-21,楽園大宮店,2253,ストリートファイター6,6282,-5000,0,16,20,174.5,,392.6,314.1
2026-08-21,楽園大宮店,2254,ソードアート・オンラインII,8854,-3428,0,0,90,98.4,,,98.4
2026-08-21,楽園大宮店,2255,ソードアート・オンラインII,6225,-5095,0,0,35,177.9,,,177.9
2026-08-21,楽園大宮店,2256,ソードアート・オンラインII,6766,-1714,0,0,63,107.4,,,107.4
2026-08-21,楽園大宮店,2257,ソードアート・オンラインII,9455,9096,0,0,101,93.6,,,93.6
2026-08-21,楽園大宮店,2258,ソードアート・オンラインII,8895,3953,0,0,77,115.5,,,115.5
2026-08-21,楽園大宮店,2259,ソードアート・オンラインII,7862,15477,0,0,74,106.2,,,106.2
2026-08-21,楽園大宮店,2260,ソードアート・オンラインII,9109,-1857,0,0,73,124.8,,,124.8
2026-08-21,楽園大宮店,2261,ソードアート・オンラインII,8716,-5095,0,0,60,145.3,,,145.3
2026-08-21,楽園大宮店,2262,ソードアート・オンラインII,9620,-1142,0,0,86,111.9,,,111.9
2026-08-21,楽園大宮店,2263,ソードアート・オンラインII,8505,3953,0,0,79,107.7,,,107.7
2026-08-21,楽園大宮店,2264,ソードアート・オンラインII,9280,-5095,0,0,85,109.2,,,109.2
2026-08-21,楽園大宮店,2265,ソードアート・オンラインII,8078,-5095,0,0,72,112.2,,,112.2
2026-08-21,楽園大宮店,2266,ソードアート・オンラインII,9097,-4523,0,0,77,118.1,,,118.1
2026-08-21,楽園大宮店,2267,ソードアート・オンラインII,6600,-5095,0,0,47,140.4,,,140.4
2026-08-21,楽園大宮店,2268,ソードアート・オンラインII,7647,-5095,0,0,60,127.5,,,127.5
2026-08-21,楽園大宮店,2269,ソードアート・オンラインII,6574,-5095,0,0,47,139.9,,,139.9
2026-08-21,楽園大宮店,2270,ソードアート・オンラインII,7423,-3952,0,0,62,119.7,,,119.7
2026-08-21,楽園大宮店,2271,ソードアート・オンラインII,8479,7858,0,0,61,139.0,,,139.0
2026-08-21,楽園大宮店,2272,ソードアート・オンラインII,9301,-952,0,0,97,95.9,,,95.9
2026-08-21,楽園大宮店,2273,ソードアート・オンラインII,6369,-3571,0,0,49,130.0,,,130.0
2026-08-21,楽園大宮店,2274,ソードアート・オンラインII,8529,-523,0,0,66,129.2,,,129.2
2026-08-21,楽園大宮店,2275,ソードアート・オンラインII,7563,-809,0,0,67,112.9,,,112.9
2026-08-21,楽園大宮店,2276,ソードアート・オンラインII,7868,-5095,0,0,48,163.9,,,163.9
2026-08-21,楽園大宮店,2277,ソードアート・オンラインII,6878,3048,0,0,65,105.8,,,105.8
2026-08-21,楽園大宮店,2278,ソードアート・オンラインII,8124,-762,0,0,77,105.5,,,105.5
2026-08-21,楽園大宮店,2279,ソードアート・オンラインII,8081,-1809,0,0,79,102.3,,,102.3
2026-08-21,楽園大宮店,2280,ストリートファイター6,4950,-523,0,11,26,133.8,,450.0,190.4
2026-08-21,楽園大宮店,2281,ストリートファイター6,4645,762,0,10,30,116.1,,464.5,154.8
2026-08-21,楽園大宮店,2282,ストリートファイター6,5038,-285,0,9,26,143.9,,559.8,193.8
2026-08-21,楽園大宮店,2283,ストリートファイター6,5778,-2381,0,15,23,152.1,,385.2,251.2
2026-08-21,楽園大宮店,2284,ストリートファイター6,6452,-4333,0,19,24,150.0,,339.6,268.8
2026-08-21,楽園大宮店,2285,モンキーターンV,6959,1286,0,15,44,117.9,,463.9,158.2
2026-08-21,楽園大宮店,2286,モンキーターンV,3333,-3095,0,7,9,208.3,,476.1,370.3
2026-08-21,楽園大宮店,2287,モンキーターンV,2154,-1666,0,4,5,239.3,,538.5,430.8
2026-08-21,楽園大宮店,2288,モンキーターンV,6846,6858,0,10,61,96.4,,684.6,112.2
2026-08-21,楽園大宮店,2289,モンキーターンV,3811,-190,0,8,22,127.0,,476.4,173.2
2026-08-21,楽園大宮店,2290,モンキーターンV,789,-95,0,1,2,263.0,,789.0,394.5
2026-08-21,楽園大宮店,2291,モンキーターンV,8090,-1095,0,21,52,110.8,,385.2,155.6
2026-08-21,楽園大宮店,2292,モンキーターンV,3694,-571,0,9,20,127.4,,410.4,184.7
2026-08-21,楽園大宮店,2293,モンキーターンV,9718,-381,0,21,70,106.8,,462.8,138.8
2026-08-21,楽園大宮店,2294,モンキーターンV,4701,-1476,0,10,26,130.6,,470.1,180.8
2026-08-21,楽園大宮店,2295,モンキーターンV,2469,-2904,0,5,5,246.9,,493.8,493.8
2026-08-21,楽園大宮店,2296,モンキーターンV,5400,-4142,0,10,25,154.3,,540.0,216.0
2026-08-21,楽園大宮店,2297,モンキーターンV,8121,858,0,17,64,100.3,,477.7,126.9
2026-08-21,楽園大宮店,2298,モンキーターンV,1041,-952,0,2,4,173.5,,520.5,260.2
2026-08-21,楽園大宮店,2299,モンキーターンV,8650,-2238,0,25,60,101.8,,346.0,144.2
2026-08-21,楽園大宮店,2300,マイジャグラーV,7834,-1428,24,21,0,174.1,326.4,373.0,
2026-08-21,楽園大宮店,2301,マイジャグラーV,5249,-48,22,9,0,169.3,238.6,583.2,
2026-08-21,楽園大宮店,2302,マイジャグラーV,7480,381,34,19,0,141.1,220.0,393.7,
2026-08-21,楽園大宮店,2303,マイジャグラーV,5261,-142,21,9,0,175.4,250.5,584.6,
2026-08-21,楽園大宮店,2304,マイジャグラーV,4574,-714,17,8,0,183.0,269.1,571.8,
2026-08-21,楽園大宮店,2305,マイジャグラーV,6625,-333,23,23,0,144.0,288.0,288.0,
2026-08-21,楽園大宮店,2306,マイジャグラーV,6622,-1428,20,17,0,179.0,331.1,389.5,
2026-08-21,楽園大宮店,2307,マイジャグラーV,6646,2286,32,26,0,114.6,207.7,255.6,
2026-08-21,楽園大宮店,2308,マイジャグラーV,6267,-428,24,14,0,164.9,261.1,447.6,
2026-08-21,楽園大宮店,2309,マイジャグラーV,7106,-381,26,21,0,151.2,273.3,338.4,
2026-08-21,楽園大宮店,2310,マイジャグラーV,5586,-238,21,15,0,155.2,266.0,372.4,
2026-08-21,楽園大宮店,2311,マイジャグラーV,5278,572,22,11,0,159.9,239.9,479.8,
2026-08-21,楽園大宮店,2312,マイジャグラーV,4821,-1857,12,14,0,185.4,401.8,344.4,
2026-08-21,楽園大宮店,2313,マイジャグラーV,7338,-1809,21,23,0,166.8,349.4,319.0,
2026-08-21,楽園大宮店,2314,マイジャグラーV,0,0,0,0,0,,,,
2026-08-21,楽園大宮店,2315,マイジャグラーV,6028,-2381,13,17,0,200.9,463.7,354.6,
2026-08-21,楽園大宮店,2316,マイジャグラーV,7397,-95,28,22,0,147.9,264.2,336.2,
2026-08-21,楽園大宮店,2317,マイジャグラーV,6291,-1142,21,15,0,174.8,299.6,419.4,
2026-08-21,楽園大宮店,2318,マイジャグラーV,7980,1524,36,28,0,124.7,221.7,285.0,
2026-08-21,楽園大宮店,2319,マイジャグラーV,3325,-238,13,7,0,166.2,255.8,475.0,
2026-08-21,楽園大宮店,2320,マイジャグラーV,4604,-904,16,10,0,177.1,287.8,460.4,
2026-08-21,楽園大宮店,2321,マイジャグラーV,6047,-142,23,15,0,159.1,262.9,403.1,
2026-08-21,楽園大宮店,2322,マイジャグラーV,5477,334,26,8,0,161.1,210.7,684.6,
2026-08-21,楽園大宮店,2323,マイジャグラーV,6115,-1381,20,13,0,185.3,305.8,470.4,
2026-08-21,楽園大宮店,2324,マイジャグラーV,5236,715,25,10,0,149.6,209.4,523.6,
2026-08-21,楽園大宮店,2325,マイジャグラーV,6334,-523,24,13,0,171.2,263.9,487.2,
2026-08-21,楽園大宮店,2326,マイジャグラーV,6225,-1381,22,13,0,177.9,283.0,478.8,
2026-08-21,楽園大宮店,2327,マイジャグラーV,7116,-1904,19,22,0,173.6,374.5,323.5,
2026-08-21,楽園大宮店,2328,マイジャグラーV,6244,-1762,18,13,0,201.4,346.9,480.3,
2026-08-21,楽園大宮店,2329,マイジャグラーV,5644,-48,23,13,0,156.8,245.4,434.2,
2026-08-21,楽園大宮店,2330,ゴーゴージャグラー3,8733,619,34,36,0,124.8,256.9,242.6,
2026-08-21,楽園大宮店,2331,ゴーゴージャグラー3,3098,-952,8,8,0,193.6,387.2,387.2,
2026-08-21,楽園大宮店,2332,ゴーゴージャグラー3,5780,-95,23,15,0,152.1,251.3,385.3,
2026-08-21,楽園大宮店,2333,ゴーゴージャグラー3,3970,-333,15,11,0,152.7,264.7,360.9,
2026-08-21,楽園大宮店,2334,ゴーゴージャグラー3,6123,-95,25,16,0,149.3,244.9,382.7,
2026-08-21,楽園大宮店,2335,ゴーゴージャグラー3,5773,572,24,19,0,134.3,240.5,303.8,
2026-08-21,楽園大宮店,2336,ゴーゴージャグラー3,2537,-285,10,5,0,169.1,253.7,507.4,
2026-08-21,楽園大宮店,2337,ゴーゴージャグラー3,3144,238,15,6,0,149.7,209.6,524.0,
2026-08-21,楽園大宮店,2338,ゴーゴージャグラー3,3065,-1000,8,7,0,204.3,383.1,437.9,
2026-08-21,楽園大宮店,2339,ゴーゴージャグラー3,3407,572,17,8,0,136.3,200.4,425.9,
2026-08-21,楽園大宮店,2340,ゴーゴージャグラー3,5733,-1095,20,17,0,154.9,286.6,337.2,
2026-08-21,楽園大宮店,2341,ゴーゴージャグラー3,4746,191,19,13,0,148.3,249.8,365.1,
2026-08-21,楽園大宮店,2342,ゴーゴージャグラー3,1928,-1047,5,2,0,275.4,385.6,964.0,
2026-08-21,楽園大宮店,2343,ゴーゴージャグラー3,4757,-904,16,15,0,153.5,297.3,317.1,
2026-08-21,楽園大宮店,2344,ゴーゴージャグラー3,3222,-1238,8,8,0,201.4,402.8,402.8,
2026-08-21,楽園大宮店,2345,ゴーゴージャグラー3,5632,-619,22,16,0,148.2,256.0,352.0,
2026-08-21,楽園大宮店,2346,ゴーゴージャグラー3,7375,-142,30,24,0,136.6,245.8,307.3,
2026-08-21,楽園大宮店,2347,ゴーゴージャグラー3,6603,-48,24,29,0,124.6,275.1,227.7,
2026-08-21,楽園大宮店,2348,ゴーゴージャグラー3,5481,-142,23,11,0,161.2,238.3,498.3,
2026-08-21,楽園大宮店,2349,ゴーゴージャグラー3,2918,-1571,6,6,0,243.2,486.3,486.3,
2026-08-21,楽園大宮店,2350,ゴーゴージャグラー3,5076,-571,19,14,0,153.8,267.2,362.6,
2026-08-21,楽園大宮店,2351,ゴーゴージャグラー3,4836,-238,19,10,0,166.8,254.5,483.6,
2026-08-21,楽園大宮店,2352,ゴーゴージャグラー3,6228,1334,30,18,0,129.8,207.6,346.0,
2026-08-21,楽園大宮店,2353,ゴーゴージャグラー3,3538,-619,12,10,0,160.8,294.8,353.8,
2026-08-21,楽園大宮店,2354,ゴーゴージャグラー3,2716,-619,9,5,0,194.0,301.8,543.2,
2026-08-21,楽園大宮店,2355,ゴーゴージャグラー3,4263,-95,16,13,0,147.0,266.4,327.9,
2026-08-21,楽園大宮店,2356,ゴーゴージャグラー3,6186,-1190,19,22,0,150.9,325.6,281.2,
2026-08-21,楽園大宮店,2357,ゴーゴージャグラー3,1463,-428,4,5,0,162.6,365.8,292.6,
2026-08-21,楽園大宮店,2358,ゴーゴージャグラー3,5987,-48,26,14,0,149.7,230.3,427.6,
2026-08-21,楽園大宮店,2359,スマスロ北斗の拳,5484,-2095,44,15,0,92.9,124.6,365.6,
2026-08-21,楽園大宮店,2360,スマスロ北斗の拳,1663,143,18,3,0,79.2,92.4,554.3,
2026-08-21,楽園大宮店,2361,スマスロ北斗の拳,5089,-1333,46,14,0,84.8,110.6,363.5,
2026-08-21,楽園大宮店,2362,スマスロ北斗の拳,2545,238,30,8,0,67.0,84.8,318.1,
2026-08-21,楽園大宮店,2363,スマスロ北斗の拳,5625,-2762,41,14,0,102.3,137.2,401.8,
2026-08-21,楽園大宮店,2364,スマスロ北斗の拳,4408,667,47,14,0,72.3,93.8,314.9,
2026-08-21,楽園大宮店,2365,スマスロ北斗の拳,2201,-2381,7,5,0,183.4,314.4,440.2,
2026-08-21,楽園大宮店,2366,スマスロ北斗の拳,3392,-1666,23,9,0,106.0,147.5,376.9,
2026-08-21,楽園大宮店,2367,北斗の拳 転生の章2,3706,667,0,11,33,84.2,,336.9,112.3
2026-08-21,楽園大宮店,2368,北斗の拳 転生の章2,980,-1000,0,2,3,196.0,,490.0,326.7
2026-08-21,楽園大宮店,2369,北斗の拳 転生の章2,3722,-1190,0,10,24,109.5,,372.2,155.1
2026-08-21,楽園大宮店,2370,北斗の拳 転生の章2,1329,-428,0,2,8,132.9,,664.5,166.1
2026-08-21,楽園大宮店,2371,北斗の拳 転生の章2,5826,-3095,0,10,36,126.7,,582.6,161.8
2026-08-21,楽園大宮店,2372,北斗の拳 転生の章2,788,-666,0,1,3,197.0,,788.0,262.7
2026-08-21,楽園大宮店,2373,北斗の拳 転生の章2,7251,238,0,16,66,88.4,,453.2,109.9
2026-08-21,楽園大宮店,2374,北斗の拳 転生の章2,1146,-1666,0,1,1,573.0,,1146.0,1146.0
2026-08-21,楽園大宮店,2375,北斗の拳 転生の章2,7521,-4095,0,15,40,136.7,,501.4,188.0
2026-08-21,楽園大宮店,2376,北斗の拳 転生の章2,1528,-952,0,3,7,152.8,,509.3,218.3
2026-08-21,楽園大宮店,2377,北斗の拳 転生の章2,1379,-1238,0,2,5,197.0,,689.5,275.8
2026-08-21,楽園大宮店,2378,北斗の拳 転生の章2,3694,7810,0,5,46,72.4,,738.8,80.3
2026-08-21,楽園大宮店,2379,北斗の拳 転生の章2,6987,4096,0,15,81,72.8,,465.8,86.3
2026-08-21,楽園大宮店,2380,北斗の拳 転生の章2,1428,1715,0,6,20,54.9,,238.0,71.4
2026-08-21,楽園大宮店,2381,北斗の拳 転生の章2,5711,-3666,0,12,28,142.8,,475.9,204.0
2026-08-21,楽園大宮店,2382,北斗の拳 転生の章2,3197,-2238,0,6,15,152.2,,532.8,213.1
2026-08-21,楽園大宮店,2383,スマスロ北斗の拳,3219,-666,28,9,0,87.0,115.0,357.7,
2026-08-21,楽園大宮店,2384,スマスロ北斗の拳,4150,-1904,33,11,0,94.3,125.8,377.3,
2026-08-21,楽園大宮店,2385,スマスロ北斗の拳,3030,-428,36,4,0,75.8,84.2,757.5,
2026-08-21,楽園大宮店,2386,スマスロ北斗の拳,4261,143,47,14,0,69.9,90.7,304.4,
2026-08-21,楽園大宮店,2387,スマスロ北斗の拳,2630,-857,23,4,0,97.4,114.3,657.5,
2026-08-21,楽園大宮店,2388,スマスロ北斗の拳,3622,-3142,18,7,0,144.9,201.2,517.4,
2026-08-21,楽園大宮店,2389,スマスロ北斗の拳,1981,5810,63,2,0,30.5,31.4,990.5,
2026-08-21,楽園大宮店,2390,スマスロ北斗の拳,4470,3762,67,8,0,59.6,66.7,558.8,
2026-08-21,楽園大宮店,2391,マギアレコード 魔法少女まどか☆マギカ外伝,3646,-762,11,0,3,260.4,331.5,,1215.3
2026-08-21,楽園大宮店,2392,マギアレコード 魔法少女まどか☆マギカ外伝,773,-190,3,0,1,193.2,257.7,,773.0
2026-08-21,楽園大宮店,2393,マギアレコード 魔法少女まどか☆マギカ外伝,1417,-1238,4,0,1,283.4,354.2,,1417.0
2026-08-21,楽園大宮店,2394,マギアレコード 魔法少女まどか☆マギカ外伝,467,238,1,0,2,155.7,467.0,,233.5
2026-08-21,楽園大宮店,2395,マギアレコード 魔法少女まどか☆マギカ外伝,3608,1191,9,0,8,212.2,400.9,,451.0
2026-08-21,楽園大宮店,2396,マギアレコード 魔法少女まどか☆マギカ外伝,2851,-285,11,0,3,203.6,259.2,,950.3
2026-08-21,楽園大宮店,2397,マギアレコード 魔法少女まどか☆マギカ外伝,2367,-1904,9,0,1,236.7,263.0,,2367.0
2026-08-21,楽園大宮店,2398,マギアレコード 魔法少女まどか☆マギカ外伝,761,1000,1,0,4,152.2,761.0,,190.2
2026-08-21,楽園大宮店,2399,マギアレコード 魔法少女まどか☆マギカ外伝,4161,-1666,11,0,6,244.8,378.3,,693.5
2026-08-21,楽園大宮店,2400,マギアレコード 魔法少女まどか☆マギカ外伝,532,-523,1,0,1,266.0,532.0,,532.0
2026-08-21,楽園大宮店,2401,マギアレコード 魔法少女まどか☆マギカ外伝,4089,-2047,16,0,5,194.7,255.6,,817.8
2026-08-21,楽園大宮店,2402,マギアレコード 魔法少女まどか☆マギカ外伝,4145,-1428,16,0,10,159.4,259.1,,414.5
2026-08-21,楽園大宮店,2403,マギアレコード 魔法少女まどか☆マギカ外伝,447,-48,1,0,1,223.5,447.0,,447.0
2026-08-21,楽園大宮店,2404,マギアレコード 魔法少女まどか☆マギカ外伝,5650,143,15,0,11,217.3,376.7,,513.6
2026-08-21,楽園大宮店,2405,マギアレコード 魔法少女まどか☆マギカ外伝,511,-142,1,0,2,170.3,511.0,,255.5
2026-08-21,楽園大宮店,2406,マギアレコード 魔法少女まどか☆マギカ外伝,2646,-1904,9,0,4,203.5,294.0,,661.5
2026-08-21,楽園大宮店,2407,マギアレコード 魔法少女まどか☆マギカ外伝,2050,-1809,5,0,2,292.9,410.0,,1025.0
2026-08-21,楽園大宮店,2408,マギアレコード 魔法少女まどか☆マギカ外伝,2809,-3238,9,0,1,280.9,312.1,,2809.0
2026-08-21,楽園大宮店,2409,マギアレコード 魔法少女まどか☆マギカ外伝,2308,-2428,10,0,1,209.8,230.8,,2308.0
2026-08-21,楽園大宮店,2410,マギアレコード 魔法少女まどか☆マギカ外伝,4126,-48,15,0,6,196.5,275.1,,687.7
2026-08-21,楽園大宮店,2411,マギアレコード 魔法少女まどか☆マギカ外伝,1892,-1523,4,0,2,315.3,473.0,,946.0
2026-08-21,楽園大宮店,2412,マギアレコード 魔法少女まどか☆マギカ外伝,2198,-2381,6,0,3,244.2,366.3,,732.7
2026-08-21,楽園大宮店,2413,マギアレコード 魔法少女まどか☆マギカ外伝,3433,238,13,0,7,171.7,264.1,,490.4
2026-08-21,楽園大宮店,2414,マギアレコード 魔法少女まどか☆マギカ外伝,1083,238,2,0,1,361.0,541.5,,1083.0
2026-08-21,楽園大宮店,2415,マギアレコード 魔法少女まどか☆マギカ外伝,1644,-333,3,0,6,182.7,548.0,,274.0
2026-08-21,楽園大宮店,2416,マギアレコード 魔法少女まどか☆マギカ外伝,1819,-1095,6,0,4,181.9,303.2,,454.8
2026-08-21,楽園大宮店,2417,マギアレコード 魔法少女まどか☆マギカ外伝,1450,-142,5,0,2,207.1,290.0,,725.0
2026-08-21,楽園大宮店,2418,マギアレコード 魔法少女まどか☆マギカ外伝,6603,-1762,20,0,10,220.1,330.1,,660.3
2026-08-21,楽園大宮店,2419,かぐや様は告らせたい,3265,-3047,7,4,10,155.5,466.4,816.2,326.5
2026-08-21,楽園大宮店,2420,かぐや様は告らせたい,2053,-809,8,2,8,114.1,256.6,1026.5,256.6
2026-08-21,楽園大宮店,2421,かぐや様は告らせたい,4818,1905,32,7,22,79.0,150.6,688.3,219.0
2026-08-21,楽園大宮店,2422,かぐや様は告らせたい,4234,-3619,10,5,18,128.3,423.4,846.8,235.2
2026-08-21,楽園大宮店,2423,かぐや様は告らせたい,3369,2953,25,5,14,76.6,134.8,673.8,240.6
2026-08-21,楽園大宮店,2424,かぐや様は告らせたい,3202,-95,16,3,14,97.0,200.1,1067.3,228.7
2026-08-21,楽園大宮店,2425,かぐや様は告らせたい,1272,3096,16,1,4,60.6,79.5,1272.0,318.0
2026-08-21,楽園大宮店,2426,かぐや様は告らせたい,1646,96,9,4,9,74.8,182.9,411.5,182.9
2026-08-21,楽園大宮店,2427,かぐや様は告らせたい,3071,-3285,5,5,16,118.1,614.2,614.2,191.9
2026-08-21,楽園大宮店,2428,かぐや様は告らせたい,4679,5429,36,7,16,79.3,130.0,668.4,292.4
2026-08-21,楽園大宮店,2429,かぐや様は告らせたい,1620,-1381,4,1,6,147.3,405.0,1620.0,270.0
2026-08-21,楽園大宮店,2430,かぐや様は告らせたい,2458,-1142,10,4,8,111.7,245.8,614.5,307.2
2026-08-21,楽園大宮店,2431,かぐや様は告らせたい,3114,-2095,10,3,14,115.3,311.4,1038.0,222.4
2026-08-21,楽園大宮店,2432,かぐや様は告らせたい,6671,-95,34,11,25,95.3,196.2,606.5,266.8
2026-08-21,楽園大宮店,2433,かぐや様は告らせたい,3477,-3666,6,6,16,124.2,579.5,579.5,217.3
2026-08-21,楽園大宮店,2434,かぐや様は告らせたい,4838,-3809,12,7,23,115.2,403.2,691.1,210.3
2026-08-21,楽園大宮店,2435,ハッピージャグラーVIII,7428,-714,26,24,0,148.6,285.7,309.5,
2026-08-21,楽園大宮店,2436,ハッピージャグラーVIII,1890,-666,5,6,0,171.8,378.0,315.0,
2026-08-21,楽園大宮店,2437,ハッピージャグラーVIII,4430,-714,14,12,0,170.4,316.4,369.2,
2026-08-21,楽園大宮店,2438,ハッピージャグラーVIII,6373,96,24,24,0,132.8,265.5,265.5,
2026-08-21,楽園大宮店,2439,ハッピージャグラーVIII,5956,-523,22,13,0,170.2,270.7,458.2,
2026-08-21,楽園大宮店,2440,ハッピージャグラーVIII,3988,-952,14,6,0,199.4,284.9,664.7,
2026-08-21,楽園大宮店,2441,ハッピージャグラーVIII,2292,-952,5,6,0,208.4,458.4,382.0,
2026-08-21,楽園大宮店,2442,ハッピージャグラーVIII,3730,-1333,9,11,0,186.5,414.4,339.1,
2026-08-21,楽園大宮店,2443,ハッピージャグラーVIII,2985,-571,11,5,0,186.6,271.4,597.0,
2026-08-21,楽園大宮店,2444,ハッピージャグラーVIII,3997,143,14,15,0,137.8,285.5,266.5,
2026-08-21,楽園大宮店,2445,ハッピージャグラーVIII,4929,-714,18,7,0,197.2,273.8,704.1,
2026-08-21,楽園大宮店,2446,ハッピージャグラーVIII,2388,-523,5,8,0,183.7,477.6,298.5,
2026-08-21,楽園大宮店,2447,ハッピージャグラーVIII,7115,1762,36,14,0,142.3,197.6,508.2,
2026-08-21,楽園大宮店,2448,ハッピージャグラーVIII,2478,-1000,5,7,0,206.5,495.6,354.0,
2026-08-21,楽園大宮店,2449,ハッピージャグラーVIII,4072,-476,14,12,0,156.6,290.9,339.3,
2026-08-21,楽園大宮店,2450,ハッピージャグラーVIII,5841,-1095,19,14,0,177.0,307.4,417.2,
2026-08-21,楽園大宮店,2451,ハッピージャグラーVIII,3925,-1714,11,6,0,230.9,356.8,654.2,
2026-08-21,楽園大宮店,2452,ミスタージャグラー,6132,-428,25,15,0,153.3,245.3,408.8,
2026-08-21,楽園大宮店,2453,ミスタージャグラー,5553,-523,21,15,0,154.2,264.4,370.2,
2026-08-21,楽園大宮店,2454,ミスタージャグラー,4207,334,17,9,0,161.8,247.5,467.4,
2026-08-21,楽園大宮店,2455,ミスタージャグラー,6263,-857,22,14,0,174.0,284.7,447.4,
2026-08-21,楽園大宮店,2456,ミスタージャグラー,5533,667,21,20,0,135.0,263.5,276.6,
2026-08-21,楽園大宮店,2457,ミスタージャグラー,4918,-619,17,11,0,175.6,289.3,447.1,
2026-08-21,楽園大宮店,2458,ミスタージャグラー,3954,-1095,13,5,0,219.7,304.2,790.8,
2026-08-21,楽園大宮店,2459,ミスタージャグラー,6603,-1381,20,18,0,173.8,330.1,366.8,
2026-08-21,楽園大宮店,2460,ミスタージャグラー,4534,524,20,10,0,151.1,226.7,453.4,
2026-08-21,楽園大宮店,2461,ミスタージャグラー,3897,-857,13,9,0,177.1,299.8,433.0,
2026-08-21,楽園大宮店,2462,ミスタージャグラー,7050,-571,24,21,0,156.7,293.8,335.7,
2026-08-21,楽園大宮店,2463,ミスタージャグラー,3503,-904,11,10,0,166.8,318.5,350.3,
2026-08-21,楽園大宮店,2464,ミスタージャグラー,7265,-476,29,16,0,161.4,250.5,454.1,
2026-08-21,楽園大宮店,2465,マイジャグラーV,6779,477,26,22,0,141.2,260.7,308.1,
2026-08-21,楽園大宮店,2466,マイジャグラーV,6303,477,26,17,0,146.6,242.4,370.8,
2026-08-21,楽園大宮店,2467,マイジャグラーV,6963,524,27,22,0,142.1,257.9,316.5,
2026-08-21,楽園大宮店,2468,マイジャグラーV,6531,334,23,27,0,130.6,284.0,241.9,
2026-08-21,楽園大宮店,2469,マイジャグラーV,7406,477,29,22,0,145.2,255.4,336.6,
2026-08-21,楽園大宮店,2470,マイジャグラーV,8011,-952,27,23,0,160.2,296.7,348.3,
2026-08-21,楽園大宮店,2471,マイジャグラーV,6640,-476,28,12,0,166.0,237.1,553.3,
2026-08-21,楽園大宮店,2472,マイジャグラーV,5486,-1666,17,13,0,182.9,322.7,422.0,
2026-08-21,楽園大宮店,2473,マイジャグラーV,6932,-1666,19,19,0,182.4,364.8,364.8,
2026-08-21,楽園大宮店,2474,マイジャグラーV,5186,-381,18,13,0,167.3,288.1,398.9,
2026-08-21,楽園大宮店,2475,マイジャグラーV,4701,-1904,12,5,0,276.5,391.8,940.2,
2026-08-21,楽園大宮店,2476,マイジャグラーV,5794,-1952,15,18,0,175.6,386.3,321.9,
2026-08-21,楽園大宮店,2477,マイジャグラーV,5536,-1857,16,10,0,212.9,346.0,553.6,
2026-08-21,楽園大宮店,2478,マイジャグラーV,6742,-1428,19,19,0,177.4,354.8,354.8,
2026-08-21,楽園大宮店,2479,マイジャグラーV,6632,-476,24,18,0,157.9,276.3,368.4,
2026-08-21,楽園大宮店,2480,マイジャグラーV,7180,-1904,22,14,0,199.4,326.4,512.9,
2026-08-21,楽園大宮店,2481,マイジャグラーV,6698,-1476,21,22,0,155.8,319.0,304.5,
2026-08-21,楽園大宮店,2482,マイジャグラーV,6988,572,30,18,0,145.6,232.9,388.2,
2026-08-21,楽園大宮店,2483,マイジャグラーV,6353,-762,24,10,0,186.9,264.7,635.3,
2026-08-21,楽園大宮店,2484,マイジャグラーV,5662,-1428,17,13,0,188.7,333.1,435.5,
2026-08-21,楽園大宮店,2485,マイジャグラーV,4939,-381,19,9,0,176.4,259.9,548.8,
2026-08-21,楽園大宮店,2486,マイジャグラーV,7665,810,32,24,0,136.9,239.5,319.4,
2026-08-21,楽園大宮店,2487,マイジャグラーV,5689,-666,17,22,0,145.9,334.6,258.6,
2026-08-21,楽園大宮店,2488,マイジャグラーV,0,0,0,0,0,,,,
2026-08-21,楽園大宮店,2489,マイジャグラーV,6676,-428,26,14,0,166.9,256.8,476.9,
2026-08-21,楽園大宮店,2490,マイジャグラーV,6991,953,30,18,0,145.6,233.0,388.4,
2026-08-21,楽園大宮店,2491,マイジャグラーV,7572,-571,28,14,0,180.3,270.4,540.9,
2026-08-21,楽園大宮店,2492,マイジャグラーV,8526,1238,34,34,0,125.4,250.8,250.8,
2026-08-21,楽園大宮店,2493,マイジャグラーV,5999,-1762,19,10,0,206.9,315.7,599.9,
2026-08-21,楽園大宮店,2494,マイジャグラーV,0,0,0,0,0,,,,
2026-08-21,楽園大宮店,2495,マイジャグラーV,6296,-952,20,16,0,174.9,314.8,393.5,
2026-08-21,楽園大宮店,2496,ゴーゴージャグラー3,4606,1048,23,13,0,127.9,200.3,354.3,
2026-08-21,楽園大宮店,2497,ゴーゴージャグラー3,2584,-1428,5,6,0,234.9,516.8,430.7,
2026-08-21,楽園大宮店,2498,ゴーゴージャグラー3,3369,-1190,8,10,0,187.2,421.1,336.9,
2026-08-21,楽園大宮店,2499,ゴーゴージャグラー3,6163,1858,32,18,0,123.3,192.6,342.4,
2026-08-21,楽園大宮店,2500,ゴーゴージャグラー3,2453,-523,10,4,0,175.2,245.3,613.2,
2026-08-21,楽園大宮店,2501,ゴーゴージャグラー3,5445,429,26,11,0,147.2,209.4,495.0,
2026-08-21,楽園大宮店,2502,ゴーゴージャグラー3,4812,-95,18,14,0,150.4,267.3,343.7,
2026-08-21,楽園大宮店,2503,ゴーゴージャグラー3,5583,238,22,19,0,136.2,253.8,293.8,
2026-08-21,楽園大宮店,2504,ゴーゴージャグラー3,3065,-1238,9,4,0,235.8,340.6,766.2,
2026-08-21,楽園大宮店,2505,ゴーゴージャグラー3,3953,-666,10,19,0,136.3,395.3,208.1,
2026-08-21,楽園大宮店,2506,ゴーゴージャグラー3,3080,96,16,3,0,162.1,192.5,1026.7,
2026-08-21,楽園大宮店,2507,ゴーゴージャグラー3,5111,-2476,12,14,0,196.6,425.9,365.1,
2026-08-21,楽園大宮店,2508,ゴーゴージャグラー3,2974,524,15,7,0,135.2,198.3,424.9,
2026-08-21,楽園大宮店,2509,ゴーゴージャグラー3,5985,2238,33,18,0,117.4,181.4,332.5,
2026-08-21,楽園大宮店,2510,ゴーゴージャグラー3,6912,-809,26,18,0,157.1,265.8,384.0,
2026-08-21,楽園大宮店,2511,ゴーゴージャグラー3,4603,-1476,13,10,0,200.1,354.1,460.3,
2026-08-21,楽園大宮店,2512,ゴーゴージャグラー3,4076,-714,15,10,0,163.0,271.7,407.6,
2026-08-21,楽園大宮店,2513,ゴーゴージャグラー3,4196,191,19,11,0,139.9,220.8,381.5,
2026-08-21,楽園大宮店,2514,ゴーゴージャグラー3,4682,-285,17,13,0,156.1,275.4,360.2,
2026-08-21,楽園大宮店,2515,ゴーゴージャグラー3,4380,-2714,8,11,0,230.5,547.5,398.2,
2026-08-21,楽園大宮店,2516,ゴーゴージャグラー3,3233,905,18,6,0,134.7,179.6,538.8,
2026-08-21,楽園大宮店,2517,ゴーゴージャグラー3,5400,-1762,19,9,0,192.9,284.2,600.0,
2026-08-21,楽園大宮店,2518,ゴーゴージャグラー3,3427,191,16,7,0,149.0,214.2,489.6,
2026-08-21,楽園大宮店,2519,ゴーゴージャグラー3,6574,96,28,14,0,156.5,234.8,469.6,
2026-08-21,楽園大宮店,2520,北斗の拳 転生の章2,3069,-1476,24,7,0,99.0,127.9,438.4,
2026-08-21,楽園大宮店,2521,北斗の拳 転生の章2,3499,3667,60,9,0,50.7,58.3,388.8,
2026-08-21,楽園大宮店,2522,北斗の拳 転生の章2,1523,-1142,10,3,0,117.2,152.3,507.7,
2026-08-21,楽園大宮店,2523,北斗の拳 転生の章2,3314,6381,75,11,0,38.5,44.2,301.3,
2026-08-21,楽園大宮店,2524,北斗の拳 転生の章2,2673,-2333,14,4,0,148.5,190.9,668.2,
2026-08-21,楽園大宮店,2525,北斗の拳 転生の章2,1084,-571,7,2,0,120.4,154.9,542.0,
2026-08-21,楽園大宮店,2526,北斗の拳 転生の章2,4112,-476,42,9,0,80.6,97.9,456.9,
2026-08-21,楽園大宮店,2527,北斗の拳 転生の章2,2124,-1190,15,6,0,101.1,141.6,354.0,
2026-08-21,楽園大宮店,2528,北斗の拳 転生の章2,3104,477,43,11,0,57.5,72.2,282.2,
2026-08-21,楽園大宮店,2529,北斗の拳 転生の章2,776,2000,29,2,0,25.0,26.8,388.0,
2026-08-21,楽園大宮店,2530,北斗の拳 転生の章2,3713,-809,35,9,0,84.4,106.1,412.6,
2026-08-21,楽園大宮店,2531,北斗の拳 転生の章2,2353,-2047,12,5,0,138.4,196.1,470.6,
2026-08-21,楽園大宮店,2532,北斗の拳 転生の章2,3298,1477,63,11,0,44.6,52.3,299.8,
2026-08-21,楽園大宮店,2533,北斗の拳 転生の章2,3815,-381,43,12,0,69.4,88.7,317.9,
2026-08-21,楽園大宮店,2534,北斗の拳 転生の章2,3447,1334,49,8,0,60.5,70.3,430.9,
2026-08-21,楽園大宮店,2535,北斗の拳 転生の章2,3638,-1857,28,10,0,95.7,129.9,363.8,
2026-08-21,楽園大宮店,2536,北斗の拳 転生の章2,278,477,6,1,0,39.7,46.3,278.0,
2026-08-21,楽園大宮店,2537,北斗の拳 転生の章2,734,905,14,4,0,40.8,52.4,183.5,
2026-08-21,楽園大宮店,2538,北斗の拳 転生の章2,2580,-857,24,7,0,83.2,107.5,368.6,
2026-08-21,楽園大宮店,2539,北斗の拳 転生の章2,4272,-1238,37,16,0,80.6,115.5,267.0,
2026-08-21,楽園大宮店,2540,北斗の拳 転生の章2,1901,-238,20,7,0,70.4,95.0,271.6,
2026-08-21,楽園大宮店,2541,北斗の拳 転生の章2,3657,-476,37,11,0,76.2,98.8,332.5,
2026-08-21,楽園大宮店,2542,北斗の拳 転生の章2,291,-285,1,1,0,145.5,291.0,291.0,
2026-08-21,楽園大宮店,2543,北斗の拳 転生の章2,2362,-666,22,8,0,78.7,107.4,295.2,
2026-08-21,楽園大宮店,2544,北斗の拳 転生の章2,5903,3572,85,17,0,57.9,69.4,347.2,
2026-08-21,楽園大宮店,2545,北斗の拳 転生の章2,1616,-714,13,5,0,89.8,124.3,323.2,
2026-08-21,楽園大宮店,2546,北斗の拳 転生の章2,1022,-285,9,2,0,92.9,113.6,511.0,
2026-08-21,楽園大宮店,2547,北斗の拳 転生の章2,4655,1191,63,18,0,57.5,73.9,258.6,
2026-08-21,楽園大宮店,2548,スマスロ炎炎ノ消防隊2,6752,6572,0,10,48,116.4,,675.2,140.7
2026-08-21,楽園大宮店,2549,スマスロ炎炎ノ消防隊2,1979,-2000,0,5,3,247.4,,395.8,659.7
2026-08-21,楽園大宮店,2550,スマスロ炎炎ノ消防隊2,2453,-1523,0,3,8,223.0,,817.7,306.6
2026-08-21,楽園大宮店,2551,スマスロ炎炎ノ消防隊2,2535,3048,0,3,17,126.8,,845.0,149.1
2026-08-21,楽園大宮店,2552,スマスロ炎炎ノ消防隊2,2384,-1666,0,5,6,216.7,,476.8,397.3
2026-08-21,楽園大宮店,2553,スマスロ炎炎ノ消防隊2,1656,-714,0,2,7,184.0,,828.0,236.6
2026-08-21,楽園大宮店,2554,スマスロ炎炎ノ消防隊2,3502,-666,0,8,15,152.3,,437.8,233.5
2026-08-21,楽園大宮店,2555,スマスロ炎炎ノ消防隊2,4333,-285,0,11,20,139.8,,393.9,216.7
2026-08-21,楽園大宮店,2556,スマスロ炎炎ノ消防隊2,1681,-1190,0,3,5,210.1,,560.3,336.2
2026-08-21,楽園大宮店,2557,スマスロ炎炎ノ消防隊2,1789,-1095,0,3,6,198.8,,596.3,298.2
2026-08-21,楽園大宮店,2558,スマスロ炎炎ノ消防隊2,2050,-1428,0,3,7,205.0,,683.3,292.9
2026-08-21,楽園大宮店,2559,スマスロ炎炎ノ消防隊2,3209,-48,0,9,17,123.4,,356.6,188.8
2026-08-21,楽園大宮店,2560,スマスロ炎炎ノ消防隊2,2074,-1381,0,2,4,345.7,,1037.0,518.5
2026-08-21,楽園大宮店,2561,スマスロ炎炎ノ消防隊2,6035,-428,0,14,25,154.7,,431.1,241.4
2026-08-21,楽園大宮店,2562,スマスロ炎炎ノ消防隊2,4571,-2762,0,9,15,190.5,,507.9,304.7
2026-08-21,楽園大宮店,2563,スマスロ炎炎ノ消防隊2,4017,-2904,0,10,11,191.3,,401.7,365.2
2026-08-21,楽園大宮店,2564,スマスロ炎炎ノ消防隊2,7279,-2714,0,15,26,177.5,,485.3,280.0
2026-08-21,楽園大宮店,2565,スマスロ炎炎ノ消防隊2,5054,-1047,0,13,20,153.2,,388.8,252.7
2026-08-21,楽園大宮店,2566,スマスロ炎炎ノ消防隊2,753,191,0,2,4,125.5,,376.5,188.2
2026-08-21,楽園大宮店,2567,スマスロ炎炎ノ消防隊2,1324,-619,0,3,6,147.1,,441.3,220.7
2026-08-21,楽園大宮店,2568,スマスロ炎炎ノ消防隊2,7084,-3095,0,20,26,154.0,,354.2,272.5
2026-08-21,楽園大宮店,2569,スマスロ炎炎ノ消防隊2,1150,-714,0,2,4,191.7,,575.0,287.5
2026-08-21,楽園大宮店,2570,スマスロ炎炎ノ消防隊2,4634,2477,0,12,33,103.0,,386.2,140.4
2026-08-21,楽園大宮店,2571,スマスロ炎炎ノ消防隊2,4897,-1142,0,12,19,158.0,,408.1,257.7
2026-08-21,楽園大宮店,2572,からくりサーカス2,6909,5000,0,15,76,75.9,,460.6,90.9
2026-08-21,楽園大宮店,2573,からくりサーカス2,824,-1000,0,2,2,206.0,,412.0,412.0
2026-08-21,楽園大宮店,2574,からくりサーカス2,3922,-666,0,13,26,100.6,,301.7,150.8
2026-08-21,楽園大宮店,2575,からくりサーカス2,3949,-904,0,7,29,109.7,,564.1,136.2
2026-08-21,楽園大宮店,2576,からくりサーカス2,2616,-3523,0,4,4,327.0,,654.0,654.0
2026-08-21,楽園大宮店,2577,からくりサーカス2,4340,-4381,0,9,13,197.3,,482.2,333.8
2026-08-21,楽園大宮店,2578,からくりサーカス2,1923,-1809,0,6,8,137.4,,320.5,240.4
2026-08-21,楽園大宮店,2579,からくりサーカス2,1260,-666,0,3,7,126.0,,420.0,180.0
2026-08-21,楽園大宮店,2580,からくりサーカス2,3467,-1952,0,5,18,150.7,,693.4,192.6
2026-08-21,楽園大宮店,2581,からくりサーカス2,1675,1905,0,4,10,119.6,,418.8,167.5
2026-08-21,楽園大宮店,2582,からくりサーカス2,2902,2953,0,7,26,87.9,,414.6,111.6
2026-08-21,楽園大宮店,2583,からくりサーカス2,2039,4048,0,4,26,68.0,,509.8,78.4
2026-08-21,楽園大宮店,2584,からくりサーカス2,3886,-2762,0,6,19,155.4,,647.7,204.5
2026-08-21,楽園大宮店,2585,からくりサーカス2,4261,5477,0,8,39,90.7,,532.6,109.3
2026-08-21,楽園大宮店,2586,からくりサーカス2,6174,-3904,0,8,32,154.3,,771.8,192.9
2026-08-21,楽園大宮店,2587,からくりサーカス2,7113,-4714,0,19,36,129.3,,374.4,197.6
2026-08-21,楽園大宮店,2588,からくりサーカス2,9451,5429,0,19,94,83.6,,497.4,100.5
2026-08-21,楽園大宮店,2589,からくりサーカス2,366,-285,0,1,2,122.0,,366.0,183.0
2026-08-21,楽園大宮店,2590,からくりサーカス2,2987,-523,0,3,24,110.6,,995.7,124.5
2026-08-21,楽園大宮店,2591,からくりサーカス2,4410,3191,0,7,36,102.6,,630.0,122.5
2026-08-21,楽園大宮店,2592,からくりサーカス2,3436,-190,0,6,28,101.1,,572.7,122.7
2026-08-21,楽園大宮店,2593,からくりサーカス2,2380,96,0,6,13,125.3,,396.7,183.1
2026-08-21,楽園大宮店,2594,からくりサーカス2,5968,-2952,0,15,34,121.8,,397.9,175.5
2026-08-21,楽園大宮店,2595,からくりサーカス2,1457,-1238,0,3,8,132.5,,485.7,182.1
2026-08-21,楽園大宮店,2596,からくりサーカス2,928,-1190,0,2,2,232.0,,464.0,464.0
2026-08-21,楽園大宮店,2597,からくりサーカス2,5004,-4428,0,12,20,156.4,,417.0,250.2
2026-08-21,楽園大宮店,2598,とある魔術の禁書目録2,9775,4953,0,25,40,150.4,,391.0,244.4
2026-08-21,楽園大宮店,2599,とある魔術の禁書目録2,8673,1477,0,26,37,137.7,,333.6,234.4
2026-08-21,楽園大宮店,2600,とある魔術の禁書目録2,8183,-3047,0,30,31,134.1,,272.8,264.0
2026-08-21,楽園大宮店,2601,とある魔術の禁書目録2,9189,3000,0,23,34,161.2,,399.5,270.3
2026-08-21,楽園大宮店,2602,とある魔術の禁書目録2,7829,-3714,0,25,31,139.8,,313.2,252.5
2026-08-21,楽園大宮店,2603,とある魔術の禁書目録2,7777,-1571,0,21,20,189.7,,370.3,388.9
2026-08-21,楽園大宮店,2604,とある魔術の禁書目録2,8847,-5095,0,29,34,140.4,,305.1,260.2
2026-08-21,楽園大宮店,2605,とある魔術の禁書目録2,6061,-5095,0,22,18,151.5,,275.5,336.7
2026-08-21,楽園大宮店,2606,革命機ヴァルヴレイヴ2,7666,-5095,36,8,17,125.7,212.9,958.2,450.9
2026-08-21,楽園大宮店,2607,革命機ヴァルヴレイヴ2,2173,-285,19,3,5,80.5,114.4,724.3,434.6
2026-08-21,楽園大宮店,2608,革命機ヴァルヴレイヴ2,3492,1953,35,0,10,77.6,99.8,,349.2
2026-08-21,楽園大宮店,2609,革命機ヴァルヴレイヴ2,4417,-4000,12,3,20,126.2,368.1,1472.3,220.8
2026-08-21,楽園大宮店,2610,革命機ヴァルヴレイヴ2,3496,-428,33,2,7,83.2,105.9,1748.0,499.4
2026-08-21,楽園大宮店,2611,革命機ヴァルヴレイヴ2,5571,1143,58,6,17,68.8,96.1,928.5,327.7
2026-08-21,楽園大宮店,2612,革命機ヴァルヴレイヴ2,3350,-1238,28,3,11,79.8,119.6,1116.7,304.5
2026-08-21,楽園大宮店,2613,革命機ヴァルヴレイヴ2,6437,1667,62,4,23,72.3,103.8,1609.2,279.9
2026-08-21,楽園大宮店,2614,革命機ヴァルヴレイヴ2,4652,762,50,6,14,66.5,93.0,775.3,332.3
2026-08-21,楽園大宮店,2615,革命機ヴァルヴレイヴ2,3230,-1285,15,3,10,115.4,215.3,1076.7,323.0
2026-08-21,楽園大宮店,2616,革命機ヴァルヴレイヴ2,3129,-2952,9,3,9,149.0,347.7,1043.0,347.7
2026-08-21,楽園大宮店,2617,革命機ヴァルヴレイヴ2,4620,667,56,1,11,67.9,82.5,4620.0,420.0
2026-08-21,楽園大宮店,2618,革命機ヴァルヴレイヴ2,4534,6381,83,3,11,46.7,54.6,1511.3,412.2
2026-08-21,楽園大宮店,2619,革命機ヴァルヴレイヴ2,7042,-2047,37,4,22,111.8,190.3,1760.5,320.1
2026-08-21,楽園大宮店,2620,革命機ヴァルヴレイヴ2,3806,3286,45,4,11,63.4,84.6,951.5,346.0
2026-08-21,楽園大宮店,2621,革命機ヴァルヴレイヴ2,4300,-2619,25,5,13,100.0,172.0,860.0,330.8
2026-08-21,楽園大宮店,2622,GI優駿倶楽部黄金,5639,-1762,0,15,34,115.1,,375.9,165.9
2026-08-21,楽園大宮店,2623,ダーリン・イン・ザ・フランキス,4542,-4809,0,18,10,162.2,,252.3,454.2
2026-08-21,楽園大宮店,2624,ミリオンゴッド‐神々の軌跡‐,2352,-1381,0,0,5,470.4,,,470.4
2026-08-21,楽園大宮店,2625,バンドリ！,5031,619,0,10,32,119.8,,503.1,157.2
2026-08-21,楽園大宮店,2626,HEY！エリートサラリーマン鏡,3332,1191,0,11,20,107.5,,302.9,166.6
2026-08-21,楽園大宮店,2627,頭文字D 2nd,2679,-1000,0,6,22,95.7,,446.5,121.8
2026-08-21,楽園大宮店,2628,ゾンビランドサガ,4448,-238,52,0,10,71.7,85.5,,444.8
2026-08-21,楽園大宮店,2629,シャーマンキング,2811,-619,10,0,12,127.8,281.1,,234.2
2026-08-21,楽園大宮店,2630,スマスロ真・北斗無双,4557,4000,51,0,8,77.2,89.4,,569.6
2026-08-21,楽園大宮店,2631,プリズムナナ,385,-285,1,1,0,192.5,385.0,385.0,
2026-08-21,楽園大宮店,2632,ガールズ&パンツァー 最終章,1395,2191,26,8,0,41.0,53.7,174.4,
2026-08-21,楽園大宮店,2633,戦国コレクション6,3539,-1333,0,6,11,208.2,,589.8,321.7
2026-08-21,楽園大宮店,2634,七つの魔剣が支配する,2103,-714,0,7,15,95.6,,300.4,140.2
2026-08-21,楽園大宮店,2635,ひぐらしのなく頃に 業,6307,-1809,13,12,0,252.3,485.2,525.6,
2026-08-21,楽園大宮店,2636,マジカルハロウィン8,3713,-904,18,0,31,75.8,206.3,,119.8
2026-08-21,楽園大宮店,2637,BIRDIE WING ‐Golf Girls' Story‐,2185,1286,0,17,21,57.5,,128.5,104.0
2026-08-21,楽園大宮店,2638,とある科学の超電磁砲2,4756,4143,0,13,25,125.2,,365.8,190.2
2026-08-21,楽園大宮店,2639,ビッグドリーム THE GOLDEN PUSHER,1797,-1762,0,5,8,138.2,,359.4,224.6
2026-08-21,楽園大宮店,2640,吉宗,3112,2048,9,3,0,259.3,345.8,1037.3,
2026-08-21,楽園大宮店,2641,吉宗,1945,-1381,2,1,0,648.3,972.5,1945.0,
2026-08-21,楽園大宮店,2642,吉宗,3984,2238,11,4,0,265.6,362.2,996.0,
2026-08-21,楽園大宮店,2643,吉宗,1063,-904,1,0,0,1063.0,1063.0,,
2026-08-21,楽園大宮店,2644,吉宗,4582,-3000,5,5,0,458.2,916.4,916.4,
2026-08-21,楽園大宮店,2645,バイオハザード RE:2,1906,-714,9,0,9,105.9,211.8,,211.8
2026-08-21,楽園大宮店,2646,頭文字D,1783,238,10,13,0,77.5,178.3,137.2,
2026-08-21,楽園大宮店,2647,ハイパーラッシュ,4463,96,19,6,0,178.5,234.9,743.8,
2026-08-21,楽園大宮店,2648,コードギアス反逆のルルーシュ3 C.C.&Kallen ver.,6085,667,16,10,26,117.0,380.3,608.5,234.0
2026-08-21,楽園大宮店,2649,コードギアス反逆のルルーシュ3 C.C.&Kallen ver.,1851,-476,4,3,7,132.2,462.8,617.0,264.4
2026-08-21,楽園大宮店,2650,コードギアス反逆のルルーシュ3 C.C.&Kallen ver.,3289,-2952,4,1,5,328.9,822.2,3289.0,657.8
2026-08-21,楽園大宮店,2651,この素晴らしい世界に祝福を！,0,0,0,0,0,,,,
2026-08-21,楽園大宮店,2652,この素晴らしい世界に祝福を！,2914,-1857,0,6,27,88.3,,485.7,107.9
2026-08-21,楽園大宮店,2653,この素晴らしい世界に祝福を！,4346,-1952,0,9,38,92.5,,482.9,114.4
2026-08-21,楽園大宮店,2654,ダンジョンに出会いを求めるのは間違っているだろうか2,4398,-142,24,0,77,43.5,183.2,,57.1
2026-08-21,楽園大宮店,2655,ダンジョンに出会いを求めるのは間違っているだろうか2,4762,2762,30,0,117,32.4,158.7,,40.7
2026-08-21,楽園大宮店,2656,ダンジョンに出会いを求めるのは間違っているだろうか2,3215,-1000,12,0,47,54.5,267.9,,68.4
2026-08-21,楽園大宮店,2657,交響詩篇エウレカセブン HI-EVOLUTION ZERO TYPE‐ART,7705,905,42,0,48,85.6,183.5,,160.5
2026-08-21,楽園大宮店,2658,交響詩篇エウレカセブン HI-EVOLUTION ZERO TYPE‐ART,836,-762,4,0,1,167.2,209.0,,836.0
2026-08-21,楽園大宮店,2659,交響詩篇エウレカセブン HI-EVOLUTION ZERO TYPE‐ART,4720,-48,22,0,30,90.8,214.5,,157.3
2026-08-21,楽園大宮店,2660,交響詩篇エウレカセブン HI-EVOLUTION ZERO TYPE‐ART,2522,-1190,7,0,8,168.1,360.3,,315.2
2026-08-21,楽園大宮店,2661,交響詩篇エウレカセブン HI-EVOLUTION ZERO TYPE‐ART,6850,1572,37,0,49,79.7,185.1,,139.8
2026-08-21,楽園大宮店,2662,交響詩篇エウレカセブン HI-EVOLUTION ZERO TYPE‐ART,3243,-95,23,0,22,72.1,141.0,,147.4
2026-08-21,楽園大宮店,2663,マクロスデルタ,5897,-285,0,14,42,105.3,,421.2,140.4
2026-08-21,楽園大宮店,2664,新鬼武者2,3953,-95,0,12,35,84.1,,329.4,112.9
2026-08-21,楽園大宮店,2665,ニューパルサーSP4 with 太鼓の達人,5515,1286,25,14,0,141.4,220.6,393.9,
2026-08-21,楽園大宮店,2666,盾の勇者の成り上がり,5371,-1857,0,16,81,55.4,,335.7,66.3
2026-08-21,楽園大宮店,2667,押忍!番長ZERO,2673,286,0,5,24,92.2,,534.6,111.4
2026-08-21,楽園大宮店,2668,甲鉄城のカバネリ,6104,619,17,0,45,98.5,359.1,,135.6
2026-08-21,楽園大宮店,2669,ハードボイルド,4138,-1666,9,10,9,147.8,459.8,413.8,459.8
2026-08-21,楽園大宮店,2670,ハードボイルド,0,0,0,0,0,,,,
2026-08-21,楽園大宮店,2671,ハードボイルド,3078,143,10,7,9,118.4,307.8,439.7,342.0
2026-08-21,楽園大宮店,2672,クランキークレスト,4750,-381,14,14,0,169.6,339.3,339.3,
2026-08-21,楽園大宮店,2673,クランキークレスト,3871,-1285,10,8,0,215.1,387.1,483.9,
2026-08-21,楽園大宮店,2674,クランキークレスト,5999,524,22,15,0,162.1,272.7,399.9,
2026-08-21,楽園大宮店,2675,SLOTドルアーガの塔,3889,1191,19,4,0,169.1,204.7,972.2,
2026-08-21,楽園大宮店,2676,SLOTドルアーガの塔,1982,477,9,5,0,141.6,220.2,396.4,
2026-08-21,楽園大宮店,2695,ディスクアップ ULTRAREMIX,7410,619,26,16,0,176.4,285.0,463.1,
2026-08-21,楽園大宮店,2696,ディスクアップ ULTRAREMIX,8018,-809,24,15,0,205.6,334.1,534.5,
2026-08-21,楽園大宮店,2697,痛いのは嫌なので防御力に極振りしたいと思います。,1158,572,7,6,0,89.1,165.4,193.0,
2026-08-21,楽園大宮店,2698,痛いのは嫌なので防御力に極振りしたいと思います。,4866,429,26,20,0,105.8,187.2,243.3,
2026-08-21,楽園大宮店,2699,痛いのは嫌なので防御力に極振りしたいと思います。,2844,-857,12,7,0,149.7,237.0,406.3,
2026-08-21,楽園大宮店,2700,東京リベンジャーズ,3802,-2095,0,4,15,200.1,,950.5,253.5
2026-08-21,楽園大宮店,2701,東京リベンジャーズ,3558,1000,0,7,15,161.7,,508.3,237.2
2026-08-21,楽園大宮店,2702,東京リベンジャーズ,2341,429,0,5,12,137.7,,468.2,195.1
2026-08-21,楽園大宮店,2703,無職転生 ～異世界行ったら本気だす～,864,-285,0,3,6,96.0,,288.0,144.0
2026-08-21,楽園大宮店,2704,無職転生 ～異世界行ったら本気だす～,2088,334,0,10,21,67.4,,208.8,99.4
2026-08-21,楽園大宮店,2705,無職転生 ～異世界行ったら本気だす～,532,-333,0,2,3,106.4,,266.0,177.3
2026-08-21,楽園大宮店,2706,ゴジラ対エヴァンゲリオン,4857,-3238,27,0,14,118.5,179.9,,346.9
2026-08-21,楽園大宮店,2707,回胴黙示録カイジ 狂宴,3936,429,22,8,0,131.2,178.9,492.0,
2026-08-21,楽園大宮店,2708,戦姫絶唱シンフォギア 正義の歌,1778,715,0,2,21,77.3,,889.0,84.7
2026-08-21,楽園大宮店,2709,GALFY,5514,-1666,13,13,0,212.1,424.2,424.2,
2026-08-21,楽園大宮店,2710,ケロット5,4129,-95,18,11,0,142.4,229.4,375.4,
2026-08-21,楽園大宮店,2711,少女☆歌劇 レヴュースタァライト ‐The SLOT‐,4174,96,26,0,27,78.8,160.5,,154.6
2026-08-21,楽園大宮店,2712,乃木坂46,1825,810,0,4,25,62.9,,456.2,73.0
2026-08-21,楽園大宮店,2713,コードギアス 反逆のルルーシュ/復活のルルーシュ,5716,-285,0,6,51,100.3,,952.7,112.1
2026-08-21,楽園大宮店,2714,新鬼武者3,2066,96,0,4,18,93.9,,516.5,114.8
2026-08-21,楽園大宮店,2715,スマスロ真・北斗無双,1592,-1142,9,0,3,132.7,176.9,,530.7
2026-08-21,楽園大宮店,2716,タクトオーパス デスティニー,5747,-48,0,19,25,130.6,,302.5,229.9
2026-08-21,楽園大宮店,2717,喰霊‐零‐Re,8053,524,45,0,22,120.2,179.0,,366.0
2026-08-21,楽園大宮店,2718,喰霊‐零‐Re,9209,-5095,37,0,13,184.2,248.9,,708.4
2026-08-21,楽園大宮店,2719,喰霊‐零‐Re,7983,-571,51,0,12,126.7,156.5,,665.2
2026-08-21,楽園大宮店,2720,喰霊‐零‐Re,8243,715,40,0,30,117.8,206.1,,274.8
2026-08-21,楽園大宮店,2721,やじきた道中記参る！,5152,-4904,0,18,5,224.0,,286.2,1030.4
2026-08-21,楽園大宮店,2722,やじきた道中記参る！,2709,-1428,0,9,4,208.4,,301.0,677.2
2026-08-21,楽園大宮店,2723,やじきた道中記参る！,7141,1524,0,19,12,230.4,,375.8,595.1
2026-08-21,楽園大宮店,2724,やじきた道中記参る！,7187,1000,0,23,11,211.4,,312.5,653.4
2026-08-21,楽園大宮店,2725,やじきた道中記参る！,6019,-2857,0,17,10,222.9,,354.1,601.9
2026-08-21,楽園大宮店,2726,やじきた道中記参る！,5854,7619,0,20,15,167.3,,292.7,390.3
2026-08-21,楽園大宮店,2727,やじきた道中記参る！,3791,-714,0,10,6,236.9,,379.1,631.8
2026-08-21,楽園大宮店,2728,やじきた道中記参る！,5076,191,0,12,8,253.8,,423.0,634.5
2026-08-21,楽園大宮店,2729,やじきた道中記参る！,5672,1429,0,13,5,315.1,,436.3,1134.4
2026-08-21,楽園大宮店,2730,やじきた道中記参る！,4983,-3142,0,15,7,226.5,,332.2,711.9
2026-08-21,楽園大宮店,2731,やじきた道中記参る！,3146,-2142,0,10,4,224.7,,314.6,786.5
2026-08-21,楽園大宮店,2732,やじきた道中記参る！,8722,2762,0,24,14,229.5,,363.4,623.0
2026-08-21,楽園大宮店,2733,東京喰種,6157,-3095,0,13,22,175.9,,473.6,279.9
2026-08-21,楽園大宮店,2734,東京喰種,4194,-2523,0,13,13,161.3,,322.6,322.6
2026-08-21,楽園大宮店,2735,東京喰種,3677,-476,0,11,21,114.9,,334.3,175.1
2026-08-21,楽園大宮店,2736,東京喰種,7699,9143,0,16,47,122.2,,481.2,163.8
2026-08-21,楽園大宮店,2737,東京喰種,6405,-2619,0,21,25,139.2,,305.0,256.2
2026-08-21,楽園大宮店,2738,東京喰種,3381,-2714,0,8,14,153.7,,422.6,241.5
2026-08-21,楽園大宮店,2739,東京喰種,9073,3048,0,29,53,110.6,,312.9,171.2
2026-08-21,楽園大宮店,2740,東京喰種,5239,-1619,0,15,22,141.6,,349.3,238.1
2026-08-21,楽園大宮店,2741,東京喰種,4832,-952,0,14,16,161.1,,345.1,302.0
2026-08-21,楽園大宮店,2742,東京喰種,4478,-4857,0,13,10,194.7,,344.5,447.8
2026-08-21,楽園大宮店,2743,東京喰種,5183,-1762,0,13,18,167.2,,398.7,287.9
2026-08-21,楽園大宮店,2744,東京喰種,5679,1143,0,13,22,162.3,,436.8,258.1
2026-08-21,楽園大宮店,2745,東京喰種,8759,3572,0,24,59,105.5,,365.0,148.5
2026-08-21,楽園大宮店,2746,東京喰種,5706,3191,0,14,34,118.9,,407.6,167.8
2026-08-21,楽園大宮店,2747,東京喰種,7107,-2523,0,18,31,145.0,,394.8,229.3
2026-08-21,楽園大宮店,2748,東京喰種,8712,-619,0,24,42,132.0,,363.0,207.4
2026-08-21,楽園大宮店,2749,東京喰種,8156,-5095,0,30,27,143.1,,271.9,302.1
2026-08-21,楽園大宮店,2750,東京喰種,6472,10858,0,13,59,89.9,,497.8,109.7
2026-08-21,楽園大宮店,2751,東京喰種,8895,4477,0,23,48,125.3,,386.7,185.3
2026-08-21,楽園大宮店,2752,東京喰種,10416,8667,0,26,86,93.0,,400.6,121.1
2026-08-21,楽園大宮店,2753,東京喰種,1959,-2238,0,3,4,279.9,,653.0,489.8
2026-08-21,楽園大宮店,2754,東京喰種,7345,-3571,0,27,27,136.0,,272.0,272.0
2026-08-21,楽園大宮店,2755,東京喰種,3712,-3762,0,10,9,195.4,,371.2,412.4
2026-08-21,楽園大宮店,2756,東京喰種,5156,-190,0,13,20,156.2,,396.6,257.8
2026-08-21,楽園大宮店,2757,東京喰種,6389,3334,0,17,46,101.4,,375.8,138.9
2026-08-21,楽園大宮店,2758,東京喰種,6059,5381,0,14,47,99.3,,432.8,128.9
2026-08-21,楽園大宮店,2759,東京喰種,5566,-4047,0,17,19,154.6,,327.4,292.9
2026-08-21,楽園大宮店,2760,東京喰種,7338,-3000,0,17,36,138.5,,431.6,203.8
2026-08-21,楽園大宮店,2761,東京喰種,4838,-4095,0,17,13,161.3,,284.6,372.2
2026-08-21,楽園大宮店,2762,東京喰種,7901,-2619,0,23,37,131.7,,343.5,213.5
2026-08-21,楽園大宮店,2763,東京喰種,4147,-4047,0,12,10,188.5,,345.6,414.7
2026-08-21,楽園大宮店,2764,東京喰種,8279,7286,0,18,64,101.0,,459.9,129.4
2026-08-21,楽園大宮店,2765,東京喰種,7106,762,0,22,38,118.4,,323.0,187.0
2026-08-21,楽園大宮店,2766,東京喰種,4960,953,0,15,24,127.2,,330.7,206.7
2026-08-21,楽園大宮店,2767,東京喰種,6658,3905,0,12,36,138.7,,554.8,184.9
2026-08-21,楽園大宮店,2768,東京喰種,6785,905,0,17,33,135.7,,399.1,205.6
2026-08-21,楽園大宮店,2769,東京喰種,4682,3000,0,10,35,104.0,,468.2,133.8
2026-08-21,楽園大宮店,2770,東京喰種,7285,191,0,20,30,145.7,,364.2,242.8
2026-08-21,楽園大宮店,2771,東京喰種,4888,96,0,14,17,157.7,,349.1,287.5
2026-08-21,楽園大宮店,2772,東京喰種,10285,7286,0,30,72,100.8,,342.8,142.8
2026-08-21,楽園大宮店,2773,東京喰種,7331,4524,0,17,45,118.2,,431.2,162.9
2026-08-21,楽園大宮店,2774,東京喰種,4633,5191,0,8,41,94.6,,579.1,113.0
2026-08-21,楽園大宮店,2775,東京喰種,5641,1429,0,14,32,122.6,,402.9,176.3
2026-08-21,楽園大宮店,2776,東京喰種,8065,3334,0,16,48,126.0,,504.1,168.0
2026-08-21,楽園大宮店,2777,東京喰種,7969,3953,0,17,46,126.5,,468.8,173.2
2026-08-21,楽園大宮店,2778,東京喰種,5285,4477,0,12,38,105.7,,440.4,139.1
2026-08-21,楽園大宮店,2779,東京喰種,7243,2381,0,22,46,106.5,,329.2,157.5
2026-08-21,楽園大宮店,2780,東京喰種,3665,-142,0,6,18,152.7,,610.8,203.6
2026-08-21,楽園大宮店,2781,東京喰種,9709,14762,0,21,72,104.4,,462.3,134.8
2026-08-21,楽園大宮店,2782,東京喰種,7039,4381,0,18,52,100.6,,391.1,135.4
2026-08-21,楽園大宮店,2783,東京喰種,7863,8715,0,16,53,114.0,,491.4,148.4
2026-08-21,楽園大宮店,2784,東京喰種,2298,-1714,0,8,8,143.6,,287.2,287.2
2026-08-21,楽園大宮店,2785,東京喰種,2226,-762,0,8,12,111.3,,278.2,185.5
2026-08-21,楽園大宮店,2786,東京喰種,6577,2286,0,17,46,104.4,,386.9,143.0
2026-08-21,楽園大宮店,2787,東京喰種,7559,8619,0,10,56,114.5,,755.9,135.0
2026-08-21,楽園大宮店,2788,東京喰種,4900,-4333,0,14,14,175.0,,350.0,350.0
2026-08-21,楽園大宮店,2789,東京喰種,5101,-2142,0,17,20,137.9,,300.1,255.1
2026-08-21,楽園大宮店,2790,東京喰種,1601,-1571,0,6,4,160.1,,266.8,400.2
2026-08-21,楽園大宮店,2791,東京喰種,9025,6810,0,26,58,107.4,,347.1,155.6
2026-08-21,楽園大宮店,2792,東京喰種,5878,6762,0,11,45,105.0,,534.4,130.6
2026-08-21,楽園大宮店,2793,東京喰種,8819,762,0,22,48,126.0,,400.9,183.7
2026-08-21,楽園大宮店,2794,東京喰種,5372,-2047,0,20,21,131.0,,268.6,255.8
2026-08-21,楽園大宮店,2795,モンキーターンV,2787,-1476,0,4,11,185.8,,696.8,253.4
2026-08-21,楽園大宮店,2796,モンキーターンV,4107,1096,0,12,37,83.8,,342.2,111.0
2026-08-21,楽園大宮店,2797,モンキーターンV,1174,-666,0,2,4,195.7,,587.0,293.5
2026-08-21,楽園大宮店,2798,モンキーターンV,5850,-1476,0,14,33,124.5,,417.9,177.3
2026-08-21,楽園大宮店,2799,モンキーターンV,4952,1191,0,10,29,127.0,,495.2,170.8
2026-08-21,楽園大宮店,2800,モンキーターンV,2359,-1952,0,3,7,235.9,,786.3,337.0
2026-08-21,楽園大宮店,2801,モンキーターンV,8366,3191,0,18,70,95.1,,464.8,119.5
2026-08-21,楽園大宮店,2802,モンキーターンV,1125,-1142,0,2,4,187.5,,562.5,281.2
2026-08-21,楽園大宮店,2803,モンキーターンV,5431,-2476,0,11,29,135.8,,493.7,187.3
2026-08-21,楽園大宮店,2804,モンキーターンV,5874,1000,0,17,42,99.6,,345.5,139.9
2026-08-21,楽園大宮店,2805,モンキーターンV,2006,-619,0,4,11,133.7,,501.5,182.4
2026-08-21,楽園大宮店,2806,モンキーターンV,6512,-3047,0,17,33,130.2,,383.1,197.3
2026-08-21,楽園大宮店,2807,モンキーターンV,3438,-1047,0,7,21,122.8,,491.1,163.7
2026-08-21,楽園大宮店,2808,モンキーターンV,1619,-904,0,5,8,124.5,,323.8,202.4
2026-08-21,楽園大宮店,2809,モンキーターンV,1977,-571,0,6,11,116.3,,329.5,179.7
2026-08-21,楽園大宮店,2810,モンキーターンV,8699,-1904,0,18,47,133.8,,483.3,185.1
2026-08-21,楽園大宮店,2811,モンキーターンV,2452,-2476,0,4,8,204.3,,613.0,306.5
2026-08-21,楽園大宮店,2812,モンキーターンV,0,0,0,0,0,,,,
2026-08-21,楽園大宮店,2813,からくりサーカス2,7163,905,0,21,53,96.8,,341.1,135.2
2026-08-21,楽園大宮店,2814,からくりサーカス2,2787,619,0,5,28,84.5,,557.4,99.5
2026-08-21,楽園大宮店,2815,からくりサーカス2,1924,1572,0,7,12,101.3,,274.9,160.3
2026-08-21,楽園大宮店,2816,からくりサーカス2,6587,-1857,0,18,46,102.9,,365.9,143.2
2026-08-21,楽園大宮店,2817,からくりサーカス2,4271,-762,0,7,31,112.4,,610.1,137.8
2026-08-21,楽園大宮店,2818,からくりサーカス2,2451,-2523,0,5,9,175.1,,490.2,272.3
2026-08-21,楽園大宮店,2819,からくりサーカス2,6509,4143,0,17,49,98.6,,382.9,132.8
2026-08-21,楽園大宮店,2820,からくりサーカス2,2981,-2762,0,7,10,175.4,,425.9,298.1
2026-08-21,楽園大宮店,2821,沖ドキ!DUO アンコール,2359,-1952,8,14,0,107.2,294.9,168.5,
2026-08-21,楽園大宮店,2822,沖ドキ!DUO アンコール,1350,-809,7,5,0,112.5,192.9,270.0,
2026-08-21,楽園大宮店,2823,沖ドキ!DUO アンコール,442,429,5,2,0,63.1,88.4,221.0,
2026-08-21,楽園大宮店,2824,沖ドキ!DUO アンコール,414,381,4,3,0,59.1,103.5,138.0,
2026-08-21,楽園大宮店,2825,沖ドキ!DUO アンコール,2491,-1476,15,4,0,131.1,166.1,622.8,
2026-08-21,楽園大宮店,2826,沖ドキ!BLACK,0,0,0,0,0,,,,
2026-08-21,楽園大宮店,2827,沖ドキ!BLACK,1064,1429,12,4,0,66.5,88.7,266.0,
2026-08-21,楽園大宮店,2828,沖ドキ!BLACK,253,524,4,1,0,50.6,63.2,253.0,
2026-08-21,楽園大宮店,2829,沖ドキ!BLACK,1683,953,11,12,0,73.2,153.0,140.2,
2026-08-21,楽園大宮店,2830,沖ドキ!BLACK,3565,1619,25,21,0,77.5,142.6,169.8,
2026-08-21,楽園大宮店,2831,沖ドキ!BLACK,851,-238,5,1,0,141.8,170.2,851.0,
2026-08-21,楽園大宮店,2832,沖ドキ!BLACK,770,-95,5,1,0,128.3,154.0,770.0,
2026-08-21,楽園大宮店,2833,沖ドキ!BLACK,7605,-5095,26,13,0,195.0,292.5,585.0,
2026-08-21,楽園大宮店,2834,沖ドキ!BLACK,383,3334,16,5,0,18.2,23.9,76.6,
2026-08-21,楽園大宮店,2835,沖ドキ!BLACK,1137,1143,9,10,0,59.8,126.3,113.7,
2026-08-21,楽園大宮店,2836,沖ドキ!BLACK,839,1524,11,5,0,52.4,76.3,167.8,
2026-08-21,楽園大宮店,2837,沖ドキ!BLACK,1271,2000,15,10,0,50.8,84.7,127.1,
2026-08-21,楽園大宮店,2838,沖ドキ!BLACK,4060,-2476,16,8,0,169.2,253.8,507.5,
2026-08-21,楽園大宮店,2839,沖ドキ!BLACK,2613,-285,14,9,0,113.6,186.6,290.3,
2026-08-21,楽園大宮店,2840,沖ドキ!BLACK,1337,286,9,4,0,102.8,148.6,334.2,
2026-08-21,楽園大宮店,2841,沖ドキ!BLACK,1417,96,7,8,0,94.5,202.4,177.1,
2026-08-21,楽園大宮店,2842,沖ドキ!GOLD‐30,561,143,4,1,0,112.2,140.2,561.0,
2026-08-21,楽園大宮店,2843,沖ドキ!GOLD‐30,548,1096,9,0,0,60.9,60.9,,
2026-08-21,楽園大宮店,2844,沖ドキ!GOLD‐30,776,3905,21,7,0,27.7,37.0,110.9,
2026-08-21,楽園大宮店,2845,沖ドキ!GOLD‐30,2480,-1190,10,5,0,165.3,248.0,496.0,
2026-08-21,楽園大宮店,2846,沖ドキ!GOLD‐30,313,429,4,1,0,62.6,78.2,313.0,
2026-08-21,楽園大宮店,2847,沖ドキ!GOLD‐30,328,905,5,2,0,46.9,65.6,164.0,
2026-08-21,楽園大宮店,2848,沖ドキ!GOLD‐30,2427,-2571,6,1,0,346.7,404.5,2427.0,
2026-08-21,楽園大宮店,2849,沖ドキ!GOLD‐30,1779,-714,9,4,0,136.8,197.7,444.8,
2026-08-21,楽園大宮店,2850,沖ドキ!GOLD‐30,4418,-3142,14,10,0,184.1,315.6,441.8,
2026-08-21,楽園大宮店,2851,ヤバチバ,2257,3667,15,5,0,112.8,150.5,451.4,
2026-08-21,楽園大宮店,2852,ヤバチバ,3979,1381,19,15,0,117.0,209.4,265.3,
2026-08-21,楽園大宮店,2853,ヤバチバ,5486,-5095,16,18,0,161.4,342.9,304.8,
2026-08-21,楽園大宮店,2854,ヤバチバ,5623,381,18,12,0,187.4,312.4,468.6,
2026-08-21,楽園大宮店,2855,ヤバチバ,4560,477,19,18,0,123.2,240.0,253.3,
2026-08-21,楽園大宮店,2856,L南国育ち SPECIAL,2376,477,15,9,0,99.0,158.4,264.0,
2026-08-21,楽園大宮店,2857,L南国育ち SPECIAL,2989,-1762,10,8,0,166.1,298.9,373.6,
2026-08-21,楽園大宮店,2858,L南国育ち SPECIAL,340,477,4,1,0,68.0,85.0,340.0,
2026-08-21,楽園大宮店,2859,L南国育ち SPECIAL,2080,3000,24,12,0,57.8,86.7,173.3,
2026-08-21,楽園大宮店,2860,L南国育ち SPECIAL,1613,-1571,3,3,0,268.8,537.7,537.7,
2026-08-21,楽園大宮店,2861,スマート沖スロ ニューキングハナハナV,3379,-476,11,6,0,198.8,307.2,563.2,
2026-08-21,楽園大宮店,2862,スマート沖スロ ニューキングハナハナV,2663,-571,8,7,0,177.5,332.9,380.4,
2026-08-21,楽園大宮店,2863,スマート沖スロ ニューキングハナハナV,2825,-857,8,4,0,235.4,353.1,706.2,
2026-08-21,楽園大宮店,2864,スマート沖スロ ニューキングハナハナV,2149,-95,8,4,0,179.1,268.6,537.2,
2026-08-21,楽園大宮店,2865,スマート沖スロ ニューキングハナハナV,3500,524,15,5,0,175.0,233.3,700.0,
2026-08-21,楽園大宮店,2866,沖ドキ!ゴージャス 30Φ,1064,-571,4,4,0,133.0,266.0,266.0,
2026-08-21,楽園大宮店,2867,沖ドキ!ゴージャス 30Φ,1621,-95,10,5,0,108.1,162.1,324.2,
2026-08-21,楽園大宮店,2868,沖ドキ!ゴージャス 30Φ,5044,-142,28,18,0,109.7,180.1,280.2,
2026-08-21,楽園大宮店,2869,沖ドキ!ゴージャス 30Φ,4164,-2476,16,8,0,173.5,260.2,520.5,
2026-08-21,楽園大宮店,2870,沖ドキ!ゴージャス 30Φ,2570,-2333,5,8,0,197.7,514.0,321.2,
2026-08-21,楽園大宮店,2871,沖ドキ!ゴージャス 30Φ,1272,762,11,5,0,79.5,115.6,254.4,
2026-08-21,楽園大宮店,2872,沖ドキ!ゴージャス 30Φ,3291,-1142,16,9,0,131.6,205.7,365.7,
2026-08-21,楽園大宮店,2873,沖ドキ!ゴージャス 30Φ,3487,-4809,2,4,0,581.2,1743.5,871.8,
2026-08-21,楽園大宮店,2874,沖ドキ!ゴージャス 30Φ,2085,5334,32,16,0,43.4,65.2,130.3,
2026-08-21,楽園大宮店,2875,沖ドキ!ゴージャス 30Φ,281,1905,9,5,0,20.1,31.2,56.2,
2026-08-21,楽園大宮店,2876,沖ドキ!ゴージャス 30Φ,1144,286,8,5,0,88.0,143.0,228.8,
2026-08-21,楽園大宮店,2877,沖ドキ!ゴージャス 30Φ,1572,524,10,10,0,78.6,157.2,157.2,
2026-08-21,楽園大宮店,2878,沖ドキ!BLACK,2751,-285,16,6,0,125.0,171.9,458.5,
2026-08-21,楽園大宮店,2879,沖ドキ!BLACK,3107,-1428,13,8,0,148.0,239.0,388.4,
2026-08-21,楽園大宮店,2880,沖ドキ!BLACK,4836,-1619,23,13,0,134.3,210.3,372.0,
2026-08-21,楽園大宮店,2881,沖ドキ!BLACK,3155,-2476,9,7,0,197.2,350.6,450.7,
2026-08-21,楽園大宮店,2882,沖ドキ!BLACK,2525,-1238,10,8,0,140.3,252.5,315.6,
2026-08-21,楽園大宮店,2883,沖ドキ!BLACK,209,1096,5,4,0,23.2,41.8,52.2,
2026-08-21,楽園大宮店,2884,沖ドキ!BLACK,4229,-1047,22,10,0,132.2,192.2,422.9,
2026-08-21,楽園大宮店,2885,沖ドキ!BLACK,1978,1762,16,14,0,65.9,123.6,141.3,
2026-08-21,楽園大宮店,2886,チバリヨ2,2746,572,20,10,0,91.5,137.3,274.6,
2026-08-21,楽園大宮店,2887,チバリヨ2,2082,-714,10,10,0,104.1,208.2,208.2,
2026-08-21,楽園大宮店,2888,チバリヨ2,2390,619,19,7,0,91.9,125.8,341.4,
2026-08-21,楽園大宮店,2889,チバリヨ2,2155,-1809,9,1,0,215.5,239.4,2155.0,
2026-08-21,楽園大宮店,2890,チバリヨ2,1413,-1666,3,4,0,201.9,471.0,353.2,
2026-08-21,楽園大宮店,2891,チバリヨ2,3222,-3428,9,4,0,247.8,358.0,805.5,
2026-08-21,楽園大宮店,2892,チバリヨ2,785,238,6,2,0,98.1,130.8,392.5,
2026-08-21,楽園大宮店,2893,チバリヨ2,1100,15477,69,22,0,12.1,15.9,50.0,
2026-08-21,楽園大宮店,2894,チバリヨ2,1889,-285,12,4,0,118.1,157.4,472.2,
2026-08-21,楽園大宮店,2895,チバリヨ2,4116,-5095,8,7,0,274.4,514.5,588.0,
2026-08-21,楽園大宮店,2896,チバリヨ2,1310,238,8,7,0,87.3,163.8,187.1,
2026-08-21,楽園大宮店,2897,チバリヨ2,2792,4572,34,11,0,62.0,82.1,253.8,
2026-08-21,楽園大宮店,2898,チバリヨ2,0,0,0,0,0,,,,
2026-08-21,楽園大宮店,2899,チバリヨ2,1220,334,7,6,0,93.8,174.3,203.3,
2026-08-21,楽園大宮店,2900,チバリヨ2,1934,-857,11,3,0,138.1,175.8,644.7,
2026-08-21,楽園大宮店,2901,チバリヨ2,2037,-1666,7,4,0,185.2,291.0,509.2,
2026-08-21,楽園大宮店,2902,キングハナハナ-30,4132,-2190,8,6,0,295.1,516.5,688.7,
2026-08-21,楽園大宮店,2903,キングハナハナ-30,5514,858,23,10,0,167.1,239.7,551.4,
2026-08-21,楽園大宮店,2904,キングハナハナ-30,1566,-476,4,3,0,223.7,391.5,522.0,
2026-08-21,楽園大宮店,2905,キングハナハナ-30,3795,-238,16,4,0,189.8,237.2,948.8,
2026-08-21,楽園大宮店,2906,キングハナハナ-30,3490,-1333,7,7,0,249.3,498.6,498.6,
2026-08-21,楽園大宮店,2907,キングハナハナ-30,1344,-428,4,2,0,224.0,336.0,672.0,
2026-08-21,楽園大宮店,2908,キングハナハナ-30,5018,-95,21,9,0,167.3,239.0,557.6,
2026-08-21,楽園大宮店,2909,キングハナハナ-30,4964,1619,23,13,0,137.9,215.8,381.8,
2026-08-21,楽園大宮店,2910,キングハナハナ-30,775,-476,2,0,0,387.5,387.5,,
2026-08-21,楽園大宮店,2911,キングハナハナ-30,4190,-285,14,12,0,161.2,299.3,349.2,
2026-08-21,楽園大宮店,2912,キングハナハナ-30,2596,-1190,5,6,0,236.0,519.2,432.7,
2026-08-21,楽園大宮店,2913,キングハナハナ-30,0,0,0,0,0,,,,
2026-08-21,楽園大宮店,2926,沖ドキ!DUO アンコール,5554,-1762,37,18,0,101.0,150.1,308.6,
2026-08-21,楽園大宮店,2927,沖ドキ!DUO アンコール,522,477,6,2,0,65.2,87.0,261.0,
2026-08-21,楽園大宮店,2928,沖ドキ!DUO アンコール,1122,-428,7,4,0,102.0,160.3,280.5,
2026-08-21,楽園大宮店,2929,沖ドキ!DUO アンコール,3108,-3190,13,4,0,182.8,239.1,777.0,
2026-08-21,楽園大宮店,2930,沖ドキ!DUO アンコール,1068,-476,6,4,0,106.8,178.0,267.0,
2026-08-21,楽園大宮店,2931,沖ドキ!DUO アンコール,836,-95,6,3,0,92.9,139.3,278.7,
2026-08-21,楽園大宮店,2932,沖ドキ!DUO アンコール,2181,143,17,10,0,80.8,128.3,218.1,
2026-08-21,楽園大宮店,2933,沖ドキ!DUO アンコール,3101,-2142,15,11,0,119.3,206.7,281.9,
2026-08-21,楽園大宮店,2934,沖ドキ!DUO アンコール,1855,-1190,8,11,0,97.6,231.9,168.6,
2026-08-21,楽園大宮店,2935,沖ドキ!DUO アンコール,2312,-1047,12,12,0,96.3,192.7,192.7,
2026-08-21,楽園大宮店,2936,沖ドキ!DUO アンコール,731,-762,2,3,0,146.2,365.5,243.7,
2026-08-21,楽園大宮店,3001,うみねこのなく頃に2,5801,572,15,17,0,181.3,386.7,341.2,
2026-08-21,楽園大宮店,3002,うみねこのなく頃に2,8586,-48,23,27,0,171.7,373.3,318.0,
2026-08-21,楽園大宮店,3003,うみねこのなく頃に2,6391,-1571,15,12,0,236.7,426.1,532.6,
2026-08-21,楽園大宮店,3004,不二子BT,2958,858,28,5,0,89.6,105.6,591.6,
2026-08-21,楽園大宮店,3005,不二子BT,2895,-1523,8,12,0,144.8,361.9,241.2,
2026-08-21,楽園大宮店,3006,不二子BT,5060,619,33,23,0,90.4,153.3,220.0,
2026-08-21,楽園大宮店,3007,A‐SLOT+ 異世界かるてっと,3605,-285,19,14,0,109.2,189.7,257.5,
2026-08-21,楽園大宮店,3008,A‐SLOT+ 異世界かるてっと,4655,1238,33,19,0,89.5,141.1,245.0,
2026-08-21,楽園大宮店,3009,A‐SLOT+ 異世界かるてっと,3096,1381,22,17,0,79.4,140.7,182.1,
2026-08-21,楽園大宮店,3010,A‐SLOT+ 異世界かるてっと,3617,667,21,19,0,90.4,172.2,190.4,
2026-08-21,楽園大宮店,3011,アレックス ブライト,2986,-857,8,2,0,298.6,373.2,1493.0,
2026-08-21,楽園大宮店,3012,アレックス ブライト,5843,572,20,15,0,166.9,292.1,389.5,
2026-08-21,楽園大宮店,3013,アレックス ブライト,2794,858,12,5,0,164.4,232.8,558.8,
2026-08-21,楽園大宮店,3014,アレックス ブライト,1725,-1619,2,2,0,431.2,862.5,862.5,
2026-08-21,楽園大宮店,3015,ヱヴァンゲリヲン ～約束の扉～,4774,-666,13,10,0,207.6,367.2,477.4,
2026-08-21,楽園大宮店,3016,ヱヴァンゲリヲン ～約束の扉～,7174,286,23,12,0,205.0,311.9,597.8,
2026-08-21,楽園大宮店,3017,鉄拳6,3163,-2190,16,10,4,105.4,197.7,316.3,790.8
2026-08-21,楽園大宮店,3018,鉄拳6,546,-523,2,1,1,136.5,273.0,546.0,546.0
2026-08-21,楽園大宮店,3019,鉄拳6,563,905,5,3,1,62.6,112.6,187.7,563.0
2026-08-21,楽園大宮店,3020,鉄拳6,1280,-285,7,4,3,91.4,182.9,320.0,426.7
2026-08-21,楽園大宮店,3021,鉄拳6,1752,429,12,10,5,64.9,146.0,175.2,350.4
2026-08-21,楽園大宮店,3022,鉄拳6,1109,-1285,4,2,2,138.6,277.2,554.5,554.5
2026-08-21,楽園大宮店,3023,スーパーブラックジャック,2267,-2095,0,6,9,151.1,,377.8,251.9
2026-08-21,楽園大宮店,3024,スーパーブラックジャック,3452,1048,0,2,43,76.7,,1726.0,80.3
2026-08-21,楽園大宮店,3025,スーパーブラックジャック,1774,2286,0,1,21,80.6,,1774.0,84.5
2026-08-21,楽園大宮店,3026,スーパーブラックジャック,3639,-1333,0,4,23,134.8,,909.8,158.2
2026-08-21,楽園大宮店,3027,スーパーブラックジャック,781,-952,0,2,2,195.2,,390.5,390.5
2026-08-21,楽園大宮店,3028,スーパーブラックジャック,2410,-904,0,3,15,133.9,,803.3,160.7
2026-08-21,楽園大宮店,3029,スーパーブラックジャック,2656,-333,0,6,23,91.6,,442.7,115.5
2026-08-21,楽園大宮店,3030,スーパーブラックジャック,8966,-1666,0,10,73,108.0,,896.6,122.8
2026-08-21,楽園大宮店,3031,戦国コレクション6,7448,-2904,0,12,20,232.8,,620.7,372.4
2026-08-21,楽園大宮店,3032,戦国コレクション6,5758,2810,0,14,37,112.9,,411.3,155.6
2026-08-21,楽園大宮店,3033,戦国コレクション6,7662,667,0,11,28,196.5,,696.5,273.6
2026-08-21,楽園大宮店,3034,戦国コレクション6,3781,-3190,0,5,9,270.1,,756.2,420.1
2026-08-21,楽園大宮店,3035,戦国コレクション6,4647,3953,0,8,23,149.9,,580.9,202.0
2026-08-21,楽園大宮店,3036,戦国コレクション6,6381,477,0,8,11,335.8,,797.6,580.1
2026-08-21,楽園大宮店,3037,戦国コレクション6,7166,1191,0,9,28,193.7,,796.2,255.9
2026-08-21,楽園大宮店,3038,戦国乙女4 戦乱に閃く炯眼の軍師,3501,-1333,11,0,10,166.7,318.3,,350.1
2026-08-21,楽園大宮店,3039,戦国乙女4 戦乱に閃く炯眼の軍師,2264,-809,10,0,7,133.2,226.4,,323.4
2026-08-21,楽園大宮店,3040,戦国乙女4 戦乱に閃く炯眼の軍師,886,-333,5,0,2,126.6,177.2,,443.0
2026-08-21,楽園大宮店,3041,戦国乙女4 戦乱に閃く炯眼の軍師,1484,143,8,0,9,87.3,185.5,,164.9
2026-08-21,楽園大宮店,3042,戦国乙女4 戦乱に閃く炯眼の軍師,1373,-1333,7,0,1,171.6,196.1,,1373.0
2026-08-21,楽園大宮店,3043,戦国乙女4 戦乱に閃く炯眼の軍師,1662,572,15,0,7,75.5,110.8,,237.4
2026-08-21,楽園大宮店,3044,戦国乙女4 戦乱に閃く炯眼の軍師,2087,-2047,5,0,2,298.1,417.4,,1043.5
2026-08-21,楽園大宮店,3045,戦国乙女4 戦乱に閃く炯眼の軍師,4224,2238,17,0,16,128.0,248.5,,264.0
2026-08-21,楽園大宮店,3046,戦国乙女4 戦乱に閃く炯眼の軍師,133,-238,0,0,0,,,,
2026-08-21,楽園大宮店,3047,戦国乙女4 戦乱に閃く炯眼の軍師,1999,286,10,0,7,117.6,199.9,,285.6
2026-08-21,楽園大宮店,3048,戦国乙女4 戦乱に閃く炯眼の軍師,743,-1047,1,0,0,743.0,743.0,,
2026-08-21,楽園大宮店,3049,戦国乙女5 業火を穿つ宿焔の双刃,6187,-2476,0,7,30,167.2,,883.9,206.2
2026-08-21,楽園大宮店,3050,戦国乙女5 業火を穿つ宿焔の双刃,2976,1572,0,4,20,124.0,,744.0,148.8
2026-08-21,楽園大宮店,3051,戦国乙女5 業火を穿つ宿焔の双刃,5669,-904,0,11,26,153.2,,515.4,218.0
2026-08-21,楽園大宮店,3052,戦国乙女5 業火を穿つ宿焔の双刃,8205,3334,0,22,57,103.9,,373.0,143.9
2026-08-21,楽園大宮店,3053,戦国乙女5 業火を穿つ宿焔の双刃,5377,-3000,0,7,25,168.0,,768.1,215.1
2026-08-21,楽園大宮店,3054,戦国乙女5 業火を穿つ宿焔の双刃,5205,1000,0,14,39,98.2,,371.8,133.5
2026-08-21,楽園大宮店,3055,戦国乙女5 業火を穿つ宿焔の双刃,5514,-1523,0,14,36,110.3,,393.9,153.2
2026-08-21,楽園大宮店,3056,戦国乙女5 業火を穿つ宿焔の双刃,5533,2000,0,10,37,117.7,,553.3,149.5
2026-08-21,楽園大宮店,3057,戦国乙女5 業火を穿つ宿焔の双刃,7320,-1571,0,14,45,124.1,,522.9,162.7
2026-08-21,楽園大宮店,3058,戦国乙女5 業火を穿つ宿焔の双刃,4178,-2285,0,7,21,149.2,,596.9,199.0
2026-08-21,楽園大宮店,3059,戦国乙女5 業火を穿つ宿焔の双刃,5934,-523,0,14,38,114.1,,423.9,156.2
2026-08-21,楽園大宮店,3060,戦国乙女5 業火を穿つ宿焔の双刃,7256,3334,0,24,70,77.2,,302.3,103.7
2026-08-21,楽園大宮店,3061,戦国乙女5 業火を穿つ宿焔の双刃,4200,-1142,0,9,24,127.3,,466.7,175.0
2026-08-21,楽園大宮店,3062,戦国乙女5 業火を穿つ宿焔の双刃,6524,3143,0,22,49,91.9,,296.5,133.1
2026-08-21,楽園大宮店,3063,戦国乙女5 業火を穿つ宿焔の双刃,7038,-2047,0,13,35,146.6,,541.4,201.1
2026-08-21,楽園大宮店,3064,戦国乙女5 業火を穿つ宿焔の双刃,7722,-381,0,19,51,110.3,,406.4,151.4
2026-08-21,楽園大宮店,3065,戦国乙女5 業火を穿つ宿焔の双刃,4293,-1285,0,8,30,113.0,,536.6,143.1
2026-08-21,楽園大宮店,3066,戦国乙女5 業火を穿つ宿焔の双刃,7528,-1047,0,12,44,134.4,,627.3,171.1
2026-08-21,楽園大宮店,3067,戦国乙女5 業火を穿つ宿焔の双刃,5416,-2809,0,9,26,154.7,,601.8,208.3
2026-08-21,楽園大宮店,3068,戦国乙女5 業火を穿つ宿焔の双刃,4744,-1000,0,9,26,135.5,,527.1,182.5
2026-08-21,楽園大宮店,3069,戦国乙女5 業火を穿つ宿焔の双刃,3661,-3666,0,2,9,332.8,,1830.5,406.8
2026-08-21,楽園大宮店,3070,戦国乙女5 業火を穿つ宿焔の双刃,6394,4238,0,18,52,91.3,,355.2,123.0
2026-08-21,楽園大宮店,3071,戦国乙女5 業火を穿つ宿焔の双刃,5087,-1714,0,10,34,115.6,,508.7,149.6
2026-08-21,楽園大宮店,3072,戦国乙女5 業火を穿つ宿焔の双刃,5952,-571,0,12,41,112.3,,496.0,145.2
2026-08-21,楽園大宮店,3073,戦国乙女5 業火を穿つ宿焔の双刃,4819,-4190,0,4,18,219.0,,1204.8,267.7
2026-08-21,楽園大宮店,3074,戦国乙女5 業火を穿つ宿焔の双刃,4909,-1952,0,9,29,129.2,,545.4,169.3
2026-08-21,楽園大宮店,3075,戦国乙女5 業火を穿つ宿焔の双刃,7117,-95,0,10,42,136.9,,711.7,169.5
2026-08-21,楽園大宮店,3076,戦国乙女5 業火を穿つ宿焔の双刃,5372,4810,0,16,48,83.9,,335.8,111.9
2026-08-21,楽園大宮店,3077,戦国乙女5 業火を穿つ宿焔の双刃,6845,10000,0,30,76,64.6,,228.2,90.1
2026-08-21,楽園大宮店,3078,戦国乙女5 業火を穿つ宿焔の双刃,2437,-2095,0,3,14,143.4,,812.3,174.1
2026-08-21,楽園大宮店,3079,戦国乙女5 業火を穿つ宿焔の双刃,8457,3953,0,24,71,89.0,,352.4,119.1
2026-08-21,楽園大宮店,3080,甲鉄城のカバネリ 海門(うなと)決戦,4077,-1571,0,9,20,140.6,,453.0,203.8
2026-08-21,楽園大宮店,3081,甲鉄城のカバネリ 海門(うなと)決戦,4817,2096,0,13,43,86.0,,370.5,112.0
2026-08-21,楽園大宮店,3082,甲鉄城のカバネリ 海門(うなと)決戦,6832,4238,0,20,62,83.3,,341.6,110.2
2026-08-21,楽園大宮店,3083,甲鉄城のカバネリ 海門(うなと)決戦,872,-95,0,4,6,87.2,,218.0,145.3
2026-08-21,楽園大宮店,3084,甲鉄城のカバネリ 海門(うなと)決戦,2210,1000,0,8,20,78.9,,276.2,110.5
2026-08-21,楽園大宮店,3085,甲鉄城のカバネリ 海門(うなと)決戦,1828,-1428,0,4,8,152.3,,457.0,228.5
2026-08-21,楽園大宮店,3086,甲鉄城のカバネリ 海門(うなと)決戦,2792,381,0,11,20,90.1,,253.8,139.6
2026-08-21,楽園大宮店,3087,甲鉄城のカバネリ 海門(うなと)決戦,2183,-1285,0,4,10,155.9,,545.8,218.3
2026-08-21,楽園大宮店,3088,甲鉄城のカバネリ 海門(うなと)決戦,2759,-2238,0,9,10,145.2,,306.6,275.9
2026-08-21,楽園大宮店,3089,甲鉄城のカバネリ 海門(うなと)決戦,3310,-1619,0,9,17,127.3,,367.8,194.7
2026-08-21,楽園大宮店,3090,甲鉄城のカバネリ 海門(うなと)決戦,5732,-95,0,12,36,119.4,,477.7,159.2
2026-08-21,楽園大宮店,3091,甲鉄城のカバネリ 海門(うなと)決戦,2368,-1238,0,7,11,131.6,,338.3,215.3
2026-08-21,楽園大宮店,3092,甲鉄城のカバネリ 海門(うなと)決戦,6180,1905,0,12,47,104.7,,515.0,131.5
2026-08-21,楽園大宮店,3093,甲鉄城のカバネリ 海門(うなと)決戦,4371,-1285,0,11,25,121.4,,397.4,174.8
2026-08-21,楽園大宮店,3094,甲鉄城のカバネリ 海門(うなと)決戦,2029,-1476,0,7,9,126.8,,289.9,225.4
2026-08-21,楽園大宮店,3095,甲鉄城のカバネリ 海門(うなと)決戦,2786,-1095,0,7,15,126.6,,398.0,185.7
2026-08-21,楽園大宮店,3096,甲鉄城のカバネリ 海門(うなと)決戦,7130,-809,0,22,48,101.9,,324.1,148.5
2026-08-21,楽園大宮店,3097,甲鉄城のカバネリ 海門(うなと)決戦,4863,-2238,0,21,24,108.1,,231.6,202.6
2026-08-21,楽園大宮店,3098,甲鉄城のカバネリ 海門(うなと)決戦,3237,2619,0,6,29,92.5,,539.5,111.6
2026-08-21,楽園大宮店,3099,甲鉄城のカバネリ 海門(うなと)決戦,1375,-571,0,4,8,114.6,,343.8,171.9
2026-08-21,楽園大宮店,3100,甲鉄城のカバネリ 海門(うなと)決戦,7609,2381,0,16,55,107.2,,475.6,138.3
2026-08-21,楽園大宮店,3101,甲鉄城のカバネリ 海門(うなと)決戦,3615,-1619,0,9,21,120.5,,401.7,172.1
2026-08-21,楽園大宮店,3102,甲鉄城のカバネリ 海門(うなと)決戦,3766,-1762,0,11,20,121.5,,342.4,188.3
2026-08-21,楽園大宮店,3103,甲鉄城のカバネリ 海門(うなと)決戦,821,143,0,2,6,102.6,,410.5,136.8
2026-08-21,楽園大宮店,3104,甲鉄城のカバネリ 海門(うなと)決戦,8053,3334,0,19,65,95.9,,423.8,123.9
2026-08-21,楽園大宮店,3105,甲鉄城のカバネリ 海門(うなと)決戦,3069,-48,0,10,24,90.3,,306.9,127.9
2026-08-21,楽園大宮店,3106,甲鉄城のカバネリ 海門(うなと)決戦,3245,-3238,0,6,11,190.9,,540.8,295.0
2026-08-21,楽園大宮店,3107,甲鉄城のカバネリ 海門(うなと)決戦,5791,-1904,0,15,34,118.2,,386.1,170.3
2026-08-21,楽園大宮店,3108,甲鉄城のカバネリ 海門(うなと)決戦,1522,-666,0,8,8,95.1,,190.2,190.2
2026-08-21,楽園大宮店,3109,甲鉄城のカバネリ 海門(うなと)決戦,1984,-1000,0,6,10,124.0,,330.7,198.4
2026-08-21,楽園大宮店,3110,甲鉄城のカバネリ 海門(うなと)決戦,2297,-1142,0,8,10,127.6,,287.1,229.7
2026-08-21,楽園大宮店,3111,甲鉄城のカバネリ 海門(うなと)決戦,6205,-666,0,16,39,112.8,,387.8,159.1
2026-08-21,楽園大宮店,3112,甲鉄城のカバネリ 海門(うなと)決戦,2123,1762,0,5,23,75.8,,424.6,92.3
2026-08-21,楽園大宮店,3113,甲鉄城のカバネリ 海門(うなと)決戦,6023,-428,0,17,40,105.7,,354.3,150.6
2026-08-21,楽園大宮店,3114,化物語,2688,-1714,0,6,11,158.1,,448.0,244.4
2026-08-21,楽園大宮店,3115,化物語,4326,-2809,0,9,19,154.5,,480.7,227.7
2026-08-21,楽園大宮店,3116,化物語,650,-857,0,1,1,325.0,,650.0,650.0
2026-08-21,楽園大宮店,3117,化物語,1751,-1809,0,4,4,218.9,,437.8,437.8
2026-08-21,楽園大宮店,3118,化物語,1631,-1666,0,4,5,181.2,,407.8,326.2
2026-08-21,楽園大宮店,3119,化物語,532,-571,0,1,1,266.0,,532.0,532.0
2026-08-21,楽園大宮店,3120,化物語,4886,-619,0,9,31,122.2,,542.9,157.6
2026-08-21,楽園大宮店,3121,化物語,1964,-333,0,6,10,122.8,,327.3,196.4
2026-08-21,楽園大宮店,3122,化物語,2460,477,0,5,15,123.0,,492.0,164.0
2026-08-21,楽園大宮店,3123,化物語,2856,-571,0,8,15,124.2,,357.0,190.4
2026-08-21,楽園大宮店,3124,化物語,2250,762,0,3,13,140.6,,750.0,173.1
2026-08-21,楽園大宮店,3125,化物語,529,-571,0,1,1,264.5,,529.0,529.0
2026-08-21,楽園大宮店,3126,化物語,4045,-381,0,10,25,115.6,,404.5,161.8
2026-08-21,楽園大宮店,3127,化物語,4598,-3428,0,12,18,153.3,,383.2,255.4
2026-08-21,楽園大宮店,3128,化物語,1832,-1047,0,6,8,130.9,,305.3,229.0
2026-08-21,楽園大宮店,3129,化物語,2453,905,0,5,18,106.7,,490.6,136.3
2026-08-21,楽園大宮店,3130,化物語,4232,-1142,0,6,20,162.8,,705.3,211.6
2026-08-21,楽園大宮店,3131,甲鉄城のカバネリ 海門(うなと)決戦,4635,-2381,0,12,22,136.3,,386.2,210.7
2026-08-21,楽園大宮店,3132,甲鉄城のカバネリ 海門(うなと)決戦,3299,-1714,0,7,19,126.9,,471.3,173.6
2026-08-21,楽園大宮店,3133,甲鉄城のカバネリ 海門(うなと)決戦,5638,191,0,20,43,89.5,,281.9,131.1
2026-08-21,楽園大宮店,3134,甲鉄城のカバネリ 海門(うなと)決戦,4032,1000,0,10,31,98.3,,403.2,130.1
2026-08-21,楽園大宮店,3135,甲鉄城のカバネリ 海門(うなと)決戦,1680,191,0,6,12,93.3,,280.0,140.0
2026-08-21,楽園大宮店,3136,甲鉄城のカバネリ 海門(うなと)決戦,1790,-571,0,5,8,137.7,,358.0,223.8
2026-08-21,楽園大宮店,3137,甲鉄城のカバネリ 海門(うなと)決戦,4554,-904,0,12,32,103.5,,379.5,142.3
2026-08-21,楽園大宮店,3138,甲鉄城のカバネリ 海門(うなと)決戦,4253,-2523,0,14,20,125.1,,303.8,212.7
2026-08-21,楽園大宮店,3139,甲鉄城のカバネリ 海門(うなと)決戦,7322,5048,0,15,65,91.5,,488.1,112.6
2026-08-21,楽園大宮店,3140,甲鉄城のカバネリ 海門(うなと)決戦,1957,572,0,5,19,81.5,,391.4,103.0
2026-08-21,楽園大宮店,3141,甲鉄城のカバネリ 海門(うなと)決戦,4807,2477,0,6,25,155.1,,801.2,192.3
2026-08-21,楽園大宮店,3142,甲鉄城のカバネリ 海門(うなと)決戦,3012,-190,0,8,22,100.4,,376.5,136.9
2026-08-21,楽園大宮店,3143,甲鉄城のカバネリ 海門(うなと)決戦,5051,-2142,0,13,25,132.9,,388.5,202.0
2026-08-21,楽園大宮店,3144,甲鉄城のカバネリ 海門(うなと)決戦,7921,6572,0,16,76,86.1,,495.1,104.2
2026-08-21,楽園大宮店,3145,いざ！番長,5041,8096,0,20,55,67.2,,252.1,91.7
2026-08-21,楽園大宮店,3146,いざ！番長,1057,238,0,1,4,211.4,,1057.0,264.2
2026-08-21,楽園大宮店,3147,いざ！番長,9471,4143,0,27,59,110.1,,350.8,160.5
2026-08-21,楽園大宮店,3148,いざ！番長,2502,1286,0,13,25,65.8,,192.5,100.1
2026-08-21,楽園大宮店,3149,いざ！番長,2801,96,0,7,24,90.4,,400.1,116.7
2026-08-21,楽園大宮店,3150,いざ！番長,3005,-48,0,8,19,111.3,,375.6,158.2
2026-08-21,楽園大宮店,3151,いざ！番長,1303,-1000,0,3,5,162.9,,434.3,260.6
2026-08-21,楽園大宮店,3152,いざ！番長,950,-666,0,1,3,237.5,,950.0,316.7
2026-08-21,楽園大宮店,3153,いざ！番長,5605,-142,0,13,32,124.6,,431.2,175.2
2026-08-21,楽園大宮店,3154,いざ！番長,982,-1285,0,1,1,491.0,,982.0,982.0
2026-08-21,楽園大宮店,3155,いざ！番長,2014,-1666,0,1,8,223.8,,2014.0,251.8
2026-08-21,楽園大宮店,3156,ゴッドイーター リザレクション,6191,-1619,0,6,39,137.6,,1031.8,158.7
2026-08-21,楽園大宮店,3157,ゴッドイーター リザレクション,5446,-1095,0,11,42,102.8,,495.1,129.7
2026-08-21,楽園大宮店,3158,ゴッドイーター リザレクション,4450,2096,0,6,45,87.3,,741.7,98.9
2026-08-21,楽園大宮店,3159,ゴッドイーター リザレクション,3732,-1904,0,6,21,138.2,,622.0,177.7
2026-08-21,楽園大宮店,3160,ゴッドイーター リザレクション,5479,286,0,9,46,99.6,,608.8,119.1
2026-08-21,楽園大宮店,3161,ドッチ,2348,524,21,8,0,81.0,111.8,293.5,
2026-08-21,楽園大宮店,3162,ドッチ,2275,-1714,11,5,0,142.2,206.8,455.0,
2026-08-21,楽園大宮店,3163,ドッチ,3278,-1666,13,15,0,117.1,252.2,218.5,
2026-08-21,楽園大宮店,3164,ドッチ,2653,-2238,9,9,0,147.4,294.8,294.8,
2026-08-21,楽園大宮店,3165,主役は銭形5,1816,-333,0,6,11,106.8,,302.7,165.1
2026-08-21,楽園大宮店,3166,主役は銭形5,1033,-1190,0,1,2,344.3,,1033.0,516.5
2026-08-21,楽園大宮店,3167,主役は銭形5,3366,10572,0,4,24,120.2,,841.5,140.2
2026-08-21,楽園大宮店,3168,主役は銭形5,4921,3048,0,8,31,126.2,,615.1,158.7
2026-08-21,楽園大宮店,3169,モンスターハンターライズ,8155,3619,0,19,75,86.8,,429.2,108.7
2026-08-21,楽園大宮店,3170,モンスターハンターライズ,3950,-2000,0,10,23,119.7,,395.0,171.7
2026-08-21,楽園大宮店,3171,モンスターハンターライズ,4602,-2666,0,7,19,177.0,,657.4,242.2
2026-08-21,楽園大宮店,3172,モンスターハンターライズ,2604,-2238,0,4,10,186.0,,651.0,260.4
2026-08-21,楽園大宮店,3173,モンスターハンターライズ,6079,10334,0,8,75,73.2,,759.9,81.1
2026-08-21,楽園大宮店,3174,モンスターハンターライズ,5032,-1619,0,13,30,117.0,,387.1,167.7
2026-08-21,楽園大宮店,3175,モンスターハンターライズ,6814,3238,0,15,65,85.2,,454.3,104.8
2026-08-21,楽園大宮店,3176,スーパーリオエース2,1455,-666,0,5,8,111.9,,291.0,181.9
2026-08-21,楽園大宮店,3177,スーパーリオエース2,2106,-1762,0,3,11,150.4,,702.0,191.5
2026-08-21,楽園大宮店,3178,スーパーリオエース2,1966,2429,0,11,19,65.5,,178.7,103.5
2026-08-21,楽園大宮店,3179,スーパーリオエース2,1569,2477,0,13,22,44.8,,120.7,71.3
2026-08-21,楽園大宮店,3180,スーパーリオエース2,959,-523,0,2,6,119.9,,479.5,159.8
2026-08-21,楽園大宮店,3181,スーパーリオエース2,2520,2477,0,19,23,60.0,,132.6,109.6
2026-08-21,楽園大宮店,3182,スーパーリオエース2,1180,-952,0,2,7,131.1,,590.0,168.6
2026-08-21,楽園大宮店,3183,スーパーリオエース2,4693,7477,0,39,50,52.7,,120.3,93.9
2026-08-21,楽園大宮店,3184,スーパーリオエース2,501,-476,0,1,2,167.0,,501.0,250.5
2026-08-21,楽園大宮店,3185,スーパーリオエース2,1903,-2095,0,4,6,190.3,,475.8,317.2
2026-08-21,楽園大宮店,3186,スーパーリオエース2,1254,-762,0,2,7,139.3,,627.0,179.1
2026-08-21,楽園大宮店,3187,タクトオーパス デスティニー,4698,3810,0,14,22,130.5,,335.6,213.5
2026-08-21,楽園大宮店,3188,タクトオーパス デスティニー,2777,-762,0,10,9,146.2,,277.7,308.6
2026-08-21,楽園大宮店,3189,タクトオーパス デスティニー,1007,-619,0,4,3,143.9,,251.8,335.7
2026-08-21,楽園大宮店,3190,虚構推理,3936,-1285,0,6,24,131.2,,656.0,164.0
2026-08-21,楽園大宮店,3191,虚構推理,4808,858,0,8,35,111.8,,601.0,137.4
2026-08-21,楽園大宮店,3192,虚構推理,6783,7905,0,11,72,81.7,,616.6,94.2
2026-08-21,楽園大宮店,3193,ToLOVEるダークネス,2491,-2381,12,0,7,131.1,207.6,,355.9
2026-08-21,楽園大宮店,3194,ToLOVEるダークネス,3897,429,21,0,9,129.9,185.6,,433.0
2026-08-21,楽園大宮店,3195,ToLOVEるダークネス,2475,-2238,10,0,5,165.0,247.5,,495.0
2026-08-21,楽園大宮店,3196,ワールドダイスター,8985,-3666,0,53,21,121.4,,169.5,427.9
2026-08-21,楽園大宮店,3197,ワールドダイスター,8339,3096,0,50,23,114.2,,166.8,362.6
2026-08-21,楽園大宮店,3198,ワールドダイスター,9021,-1285,0,56,20,118.7,,161.1,451.1
2026-08-21,楽園大宮店,3199,ワールドダイスター,8766,-5095,0,44,21,134.9,,199.2,417.4
2026-08-21,楽園大宮店,3200,ワールドダイスター,8141,-4238,0,47,21,119.7,,173.2,387.7
2026-08-21,楽園大宮店,3201,ワールドダイスター,7358,-2476,0,49,20,106.6,,150.2,367.9
2026-08-21,楽園大宮店,3202,アズールレーン THE ANIMATION,6148,1524,0,24,49,84.2,,256.2,125.5
2026-08-21,楽園大宮店,3203,アズールレーン THE ANIMATION,0,0,0,0,0,,,,
2026-08-21,楽園大宮店,3204,アズールレーン THE ANIMATION,5042,2477,0,16,68,60.0,,315.1,74.1
2026-08-21,楽園大宮店,3205,ヨルムンガンド,1071,-809,0,1,3,267.8,,1071.0,357.0
2026-08-21,楽園大宮店,3206,ヨルムンガンド,353,-238,0,0,1,353.0,,,353.0
2026-08-21,楽園大宮店,3207,ヨルムンガンド,952,-1000,0,0,2,476.0,,,476.0
2026-08-21,楽園大宮店,3208,ラブ嬢3～Wご指名はいかがですか?～,3807,-238,0,5,15,190.3,,761.4,253.8
2026-08-21,楽園大宮店,3209,ラブ嬢3～Wご指名はいかがですか?～,3601,-571,0,8,19,133.4,,450.1,189.5
2026-08-21,楽園大宮店,3210,邪神ちゃんドロップキック,8683,-857,0,13,32,193.0,,667.9,271.3
2026-08-21,楽園大宮店,3211,邪神ちゃんドロップキック,5949,-3619,0,10,20,198.3,,594.9,297.4
2026-08-21,楽園大宮店,3212,邪神ちゃんドロップキック,8962,-3762,0,12,27,229.8,,746.8,331.9
2026-08-21,楽園大宮店,3213,邪神ちゃんドロップキック,7802,-952,0,11,25,216.7,,709.3,312.1
2026-08-21,楽園大宮店,3214,邪神ちゃんドロップキック,8167,-4381,0,7,30,220.7,,1166.7,272.2
2026-08-21,楽園大宮店,3215,邪神ちゃんドロップキック,8293,-3762,0,13,26,212.6,,637.9,319.0
2026-08-21,楽園大宮店,3216,邪神ちゃんドロップキック,8206,5619,0,19,31,164.1,,431.9,264.7
2026-08-21,楽園大宮店,3217,邪神ちゃんドロップキック,7269,-2523,0,10,27,196.5,,726.9,269.2
2026-08-21,楽園大宮店,3218,ToLOVEるダークネス TRANCE ver.8.7,5819,-2714,41,0,21,93.9,141.9,,277.1
2026-08-21,楽園大宮店,3219,ToLOVEるダークネス TRANCE ver.8.7,5754,4143,47,0,18,88.5,122.4,,319.7
2026-08-21,楽園大宮店,3220,ToLOVEるダークネス TRANCE ver.8.7,4393,-3095,23,0,15,115.6,191.0,,292.9
2026-08-21,楽園大宮店,3221,ToLOVEるダークネス TRANCE ver.8.7,2605,5048,25,0,8,78.9,104.2,,325.6
2026-08-21,楽園大宮店,3222,ToLOVEるダークネス TRANCE ver.8.7,4253,-1047,26,0,14,106.3,163.6,,303.8
2026-08-21,楽園大宮店,3223,バイオハザード RE:3,1369,-1523,0,9,5,97.8,,152.1,273.8
2026-08-21,楽園大宮店,3224,バイオハザード RE:3,1837,429,0,16,17,55.7,,114.8,108.1
2026-08-21,楽園大宮店,3225,バイオハザード RE:3,696,-428,0,11,5,43.5,,63.3,139.2
2026-08-21,楽園大宮店,3226,バイオハザード RE:3,1318,-714,0,14,8,59.9,,94.1,164.8
2026-08-21,楽園大宮店,3227,バイオハザード RE:3,883,524,0,10,11,42.0,,88.3,80.3
2026-08-21,楽園大宮店,3228,バイオハザード RE:3,930,-1000,0,7,3,93.0,,132.9,310.0
2026-08-21,楽園大宮店,3229,バイオハザード RE:3,5299,2762,0,74,61,39.3,,71.6,86.9
2026-08-21,楽園大宮店,3230,バイオハザード RE:3,782,-571,0,8,5,60.2,,97.8,156.4
2026-08-21,楽園大宮店,3231,バイオハザード RE:3,1713,-1904,0,14,6,85.7,,122.4,285.5
2026-08-21,楽園大宮店,3232,とんでもスキルで異世界放浪メシ,6918,-5095,0,11,42,130.5,,628.9,164.7
2026-08-21,楽園大宮店,3233,とんでもスキルで異世界放浪メシ,5323,-4666,0,8,29,143.9,,665.4,183.6
2026-08-21,楽園大宮店,3234,とんでもスキルで異世界放浪メシ,7443,-1285,0,13,48,122.0,,572.5,155.1
2026-08-21,楽園大宮店,3235,とんでもスキルで異世界放浪メシ,6728,-4476,0,16,42,116.0,,420.5,160.2
2026-08-21,楽園大宮店,3236,とんでもスキルで異世界放浪メシ,8076,-714,0,14,71,95.0,,576.9,113.7
2026-08-21,楽園大宮店,3237,攻殻機動隊,3131,429,0,8,11,164.8,,391.4,284.6
2026-08-21,楽園大宮店,3238,攻殻機動隊,6139,2191,0,20,27,130.6,,306.9,227.4
2026-08-21,楽園大宮店,3239,攻殻機動隊,894,-333,0,3,4,127.7,,298.0,223.5
2026-08-21,楽園大宮店,3240,攻殻機動隊,2899,-1047,0,8,6,207.1,,362.4,483.2
2026-08-21,楽園大宮店,3241,攻殻機動隊,3512,-1666,0,7,8,234.1,,501.7,439.0
2026-08-21,楽園大宮店,3242,攻殻機動隊,3980,-476,0,13,13,153.1,,306.2,306.2
2026-08-21,楽園大宮店,3243,攻殻機動隊,1840,-666,0,6,8,131.4,,306.7,230.0
2026-08-21,楽園大宮店,3244,攻殻機動隊,5404,1286,0,15,22,146.1,,360.3,245.6
2026-08-22,楽園大宮店,2001,スマスロ サンダーV,7148,143,23,21,0,162.5,310.8,340.4,
2026-08-22,楽園大宮店,2002,スマスロ サンダーV,5826,2143,26,13,0,149.4,224.1,448.2,
2026-08-22,楽園大宮店,2003,スマスロ サンダーV,7520,-95,30,11,0,183.4,250.7,683.6,
2026-08-22,楽園大宮店,2004,スマスロ サンダーV,7188,-952,21,17,0,189.2,342.3,422.8,
2026-08-22,楽園大宮店,2005,スマスロ サンダーV,7287,619,27,20,0,155.0,269.9,364.4,
2026-08-22,楽園大宮店,2006,スマスロ サンダーV,6871,238,27,13,0,171.8,254.5,528.5,
2026-08-22,楽園大宮店,2007,スマスロ サンダーV,6834,1429,24,31,0,124.3,284.8,220.5,
2026-08-22,楽園大宮店,2008,スマスロ サンダーV,7570,1238,28,20,0,157.7,270.4,378.5,
2026-08-22,楽園大宮店,2009,SHAKE BONUS TRIGGER,6408,-1190,15,13,0,228.9,427.2,492.9,
2026-08-22,楽園大宮店,2010,SHAKE BONUS TRIGGER,6632,2572,23,12,0,189.5,288.3,552.7,
2026-08-22,楽園大宮店,2011,SHAKE BONUS TRIGGER,6991,238,19,18,0,188.9,367.9,388.4,
2026-08-22,楽園大宮店,2012,SHAKE BONUS TRIGGER,7618,3572,30,20,0,152.4,253.9,380.9,
2026-08-22,楽園大宮店,2013,SHAKE BONUS TRIGGER,7566,3572,28,28,0,135.1,270.2,270.2,
2026-08-22,楽園大宮店,2014,ケロット5,7375,2191,40,27,0,110.1,184.4,273.1,
2026-08-22,楽園大宮店,2015,ケロット5,6354,-476,25,22,0,135.2,254.2,288.8,
2026-08-22,楽園大宮店,2016,ケロット5,7400,-1762,25,22,0,157.4,296.0,336.4,
2026-08-22,楽園大宮店,2017,クレアの秘宝伝 ～はじまりの扉と太陽の石～ ボーナストリガーver.,6608,-428,22,14,0,183.6,300.4,472.0,
2026-08-22,楽園大宮店,2018,クレアの秘宝伝 ～はじまりの扉と太陽の石～ ボーナストリガーver.,6946,-666,22,16,0,182.8,315.7,434.1,
2026-08-22,楽園大宮店,2019,クレアの秘宝伝 ～はじまりの扉と太陽の石～ ボーナストリガーver.,8084,2858,35,18,0,152.5,231.0,449.1,
2026-08-22,楽園大宮店,2020,クレアの秘宝伝 ～はじまりの扉と太陽の石～ ボーナストリガーver.,8049,2191,32,26,0,138.8,251.5,309.6,
2026-08-22,楽園大宮店,2021,クレアの秘宝伝 ～はじまりの扉と太陽の石～ ボーナストリガーver.,7850,572,27,24,0,153.9,290.7,327.1,
2026-08-22,楽園大宮店,2028,スマスロ ハナビ,7179,-714,21,20,0,175.1,341.9,358.9,
2026-08-22,楽園大宮店,2029,スマスロ ハナビ,6163,-714,19,13,0,192.6,324.4,474.1,
2026-08-22,楽園大宮店,2030,スマスロ ハナビ,7054,477,29,14,0,164.0,243.2,503.9,
2026-08-22,楽園大宮店,2031,スマスロ ハナビ,6680,1810,31,12,0,155.3,215.5,556.7,
2026-08-22,楽園大宮店,2032,スマスロ ハナビ,6214,1143,25,15,0,155.3,248.6,414.3,
2026-08-22,楽園大宮店,2033,スマスロ ハナビ,4593,-809,13,12,0,183.7,353.3,382.8,
2026-08-22,楽園大宮店,2034,スマスロ ハナビ,6271,-714,20,13,0,190.0,313.6,482.4,
2026-08-22,楽園大宮店,2035,スマスロ ハナビ,5135,286,18,8,0,197.5,285.3,641.9,
2026-08-22,楽園大宮店,2036,バーサスリヴァイズ,7574,619,26,22,0,157.8,291.3,344.3,
2026-08-22,楽園大宮店,2037,バーサスリヴァイズ,7490,-1142,19,17,0,208.1,394.2,440.6,
2026-08-22,楽園大宮店,2038,バーサスリヴァイズ,5515,-2142,13,11,0,229.8,424.2,501.4,
2026-08-22,楽園大宮店,2039,バーサスリヴァイズ,8265,-2142,20,20,0,206.6,413.2,413.2,
2026-08-22,楽園大宮店,2040,ジャグラーガールズ,6658,-571,24,18,0,158.5,277.4,369.9,
2026-08-22,楽園大宮店,2041,ジャグラーガールズ,7769,1667,36,25,0,127.4,215.8,310.8,
2026-08-22,楽園大宮店,2042,ジャグラーガールズ,7755,2334,34,36,0,110.8,228.1,215.4,
2026-08-22,楽園大宮店,2043,ジャグラーガールズ,8110,2905,38,30,0,119.3,213.4,270.3,
2026-08-22,楽園大宮店,2044,ジャグラーガールズ,6878,-142,26,22,0,143.3,264.5,312.6,
2026-08-22,楽園大宮店,2045,ジャグラーガールズ,4178,429,18,15,0,126.6,232.1,278.5,
2026-08-22,楽園大宮店,2046,ジャグラーガールズ,6794,-1714,18,21,0,174.2,377.4,323.5,
2026-08-22,楽園大宮店,2047,ジャグラーガールズ,5160,-285,20,14,0,151.8,258.0,368.6,
2026-08-22,楽園大宮店,2048,ジャグラーガールズ,7240,-714,24,24,0,150.8,301.7,301.7,
2026-08-22,楽園大宮店,2049,ジャグラーガールズ,8093,6048,52,32,0,96.3,155.6,252.9,
2026-08-22,楽園大宮店,2050,ジャグラーガールズ,7554,810,34,21,0,137.3,222.2,359.7,
2026-08-22,楽園大宮店,2051,ファンキージャグラー2,7985,2334,43,15,0,137.7,185.7,532.3,
2026-08-22,楽園大宮店,2052,ファンキージャグラー2,5452,-476,20,12,0,170.4,272.6,454.3,
2026-08-22,楽園大宮店,2053,ファンキージャグラー2,6580,715,27,20,0,140.0,243.7,329.0,
2026-08-22,楽園大宮店,2054,ファンキージャグラー2,5359,-1142,16,18,0,157.6,334.9,297.7,
2026-08-22,楽園大宮店,2055,ファンキージャグラー2,7146,-1047,26,17,0,166.2,274.8,420.4,
2026-08-22,楽園大宮店,2056,ファンキージャグラー2,7553,-1095,28,18,0,164.2,269.8,419.6,
2026-08-22,楽園大宮店,2057,ファンキージャグラー2,5928,524,27,10,0,160.2,219.6,592.8,
2026-08-22,楽園大宮店,2058,ファンキージャグラー2,7080,-1619,23,14,0,191.4,307.8,505.7,
2026-08-22,楽園大宮店,2059,ファンキージャグラー2,6429,-2285,19,15,0,189.1,338.4,428.6,
2026-08-22,楽園大宮店,2060,ファンキージャグラー2,7013,-1381,23,15,0,184.6,304.9,467.5,
2026-08-22,楽園大宮店,2061,ファンキージャグラー2,6648,1096,28,22,0,133.0,237.4,302.2,
2026-08-22,楽園大宮店,2062,ファンキージャグラー2,7514,-428,26,26,0,144.5,289.0,289.0,
2026-08-22,楽園大宮店,2063,ファンキージャグラー2,7243,-2381,17,23,0,181.1,426.1,314.9,
2026-08-22,楽園大宮店,2064,ファンキージャグラー2,6908,858,30,20,0,138.2,230.3,345.4,
2026-08-22,楽園大宮店,2065,ファンキージャグラー2,6089,-1381,21,10,0,196.4,290.0,608.9,
2026-08-22,楽園大宮店,2066,ファンキージャグラー2,7920,334,33,15,0,165.0,240.0,528.0,
2026-08-22,楽園大宮店,2067,ファンキージャグラー2,6076,-809,21,12,0,184.1,289.3,506.3,
2026-08-22,楽園大宮店,2068,ファンキージャグラー2,5779,-238,22,13,0,165.1,262.7,444.5,
2026-08-22,楽園大宮店,2069,ファンキージャグラー2,5999,-762,20,18,0,157.9,299.9,333.3,
2026-08-22,楽園大宮店,2070,ファンキージャグラー2,7251,2143,33,27,0,120.8,219.7,268.6,
2026-08-22,楽園大宮店,2071,ファンキージャグラー2,0,0,0,0,0,,,,
2026-08-22,楽園大宮店,2072,ファンキージャグラー2,7292,1191,36,14,0,145.8,202.6,520.9,
2026-08-22,楽園大宮店,2073,ファンキージャグラー2,7217,1096,30,25,0,131.2,240.6,288.7,
2026-08-22,楽園大宮店,2074,ファンキージャグラー2,7459,96,28,24,0,143.4,266.4,310.8,
2026-08-22,楽園大宮店,2075,ファンキージャグラー2,7007,381,29,18,0,149.1,241.6,389.3,
2026-08-22,楽園大宮店,2076,ファンキージャグラー2,7369,-238,25,26,0,144.5,294.8,283.4,
2026-08-22,楽園大宮店,2077,ファンキージャグラー2,6581,2429,38,11,0,134.3,173.2,598.3,
2026-08-22,楽園大宮店,2078,ファンキージャグラー2,6258,-1095,21,11,0,195.6,298.0,568.9,
2026-08-22,楽園大宮店,2079,ファンキージャグラー2,6744,381,28,12,0,168.6,240.9,562.0,
2026-08-22,楽園大宮店,2080,ファンキージャグラー2,7909,619,30,27,0,138.8,263.6,292.9,
2026-08-22,楽園大宮店,2081,ファンキージャグラー2,6020,1429,27,20,0,128.1,223.0,301.0,
2026-08-22,楽園大宮店,2082,ファンキージャグラー2,7030,1858,29,27,0,125.5,242.4,260.4,
2026-08-22,楽園大宮店,2083,ファンキージャグラー2,6878,429,28,20,0,143.3,245.6,343.9,
2026-08-22,楽園大宮店,2084,ネオアイムジャグラーEX,7482,-1571,20,29,0,152.7,374.1,258.0,
2026-08-22,楽園大宮店,2085,ネオアイムジャグラーEX,5655,191,22,16,0,148.8,257.0,353.4,
2026-08-22,楽園大宮店,2086,ネオアイムジャグラーEX,8394,-571,24,39,0,133.2,349.8,215.2,
2026-08-22,楽園大宮店,2087,ネオアイムジャグラーEX,6107,-1047,20,14,0,179.6,305.4,436.2,
2026-08-22,楽園大宮店,2088,ネオアイムジャグラーEX,6860,762,29,15,0,155.9,236.6,457.3,
2026-08-22,楽園大宮店,2089,ネオアイムジャグラーEX,6256,334,24,20,0,142.2,260.7,312.8,
2026-08-22,楽園大宮店,2090,ネオアイムジャグラーEX,6912,-381,25,15,0,172.8,276.5,460.8,
2026-08-22,楽園大宮店,2091,ネオアイムジャグラーEX,7362,-571,26,19,0,163.6,283.2,387.5,
2026-08-22,楽園大宮店,2092,ネオアイムジャグラーEX,7093,286,30,16,0,154.2,236.4,443.3,
2026-08-22,楽園大宮店,2093,ネオアイムジャグラーEX,7785,2429,38,24,0,125.6,204.9,324.4,
2026-08-22,楽園大宮店,2094,ネオアイムジャグラーEX,5756,-381,22,14,0,159.9,261.6,411.1,
2026-08-22,楽園大宮店,2095,ネオアイムジャグラーEX,7577,1953,33,30,0,120.3,229.6,252.6,
2026-08-22,楽園大宮店,2096,ネオアイムジャグラーEX,6617,762,25,22,0,140.8,264.7,300.8,
2026-08-22,楽園大宮店,2097,ネオアイムジャグラーEX,7431,2286,34,27,0,121.8,218.6,275.2,
2026-08-22,楽園大宮店,2098,ネオアイムジャグラーEX,6383,1238,30,13,0,148.4,212.8,491.0,
2026-08-22,楽園大宮店,2099,ウルトラミラクルジャグラー,6726,667,27,21,0,140.1,249.1,320.3,
2026-08-22,楽園大宮店,2100,ウルトラミラクルジャグラー,7003,-238,27,19,0,152.2,259.4,368.6,
2026-08-22,楽園大宮店,2101,ウルトラミラクルジャグラー,6320,-666,21,22,0,147.0,301.0,287.3,
2026-08-22,楽園大宮店,2102,ウルトラミラクルジャグラー,7052,191,33,10,0,164.0,213.7,705.2,
2026-08-22,楽園大宮店,2103,ウルトラミラクルジャグラー,8680,-904,30,27,0,152.3,289.3,321.5,
2026-08-22,楽園大宮店,2104,ウルトラミラクルジャグラー,6947,286,26,21,0,147.8,267.2,330.8,
2026-08-22,楽園大宮店,2105,ウルトラミラクルジャグラー,7001,-904,26,17,0,162.8,269.3,411.8,
2026-08-22,楽園大宮店,2106,ミリオンゴッド‐神々の軌跡‐,8845,-2762,0,0,26,340.2,,,340.2
2026-08-22,楽園大宮店,2107,ミリオンゴッド‐神々の軌跡‐,9043,-2095,0,0,29,311.8,,,311.8
2026-08-22,楽園大宮店,2108,ミリオンゴッド‐神々の軌跡‐,5241,-1714,13,0,24,141.6,403.2,,218.4
2026-08-22,楽園大宮店,2109,ミリオンゴッド‐神々の軌跡‐,6729,-2428,0,0,17,395.8,,,395.8
2026-08-22,楽園大宮店,2110,ミリオンゴッド‐神々の軌跡‐,7675,-333,0,0,27,284.3,,,284.3
2026-08-22,楽園大宮店,2111,ミリオンゴッド‐神々の軌跡‐,7910,715,0,0,31,255.2,,,255.2
2026-08-22,楽園大宮店,2112,ミリオンゴッド‐神々の軌跡‐,8481,2858,0,0,37,229.2,,,229.2
2026-08-22,楽園大宮店,2113,ミリオンゴッド‐神々の軌跡‐,8040,7238,0,0,46,174.8,,,174.8
2026-08-22,楽園大宮店,2114,ミリオンゴッド‐神々の軌跡‐,6233,-2095,0,0,19,328.1,,,328.1
2026-08-22,楽園大宮店,2115,ミリオンゴッド‐神々の軌跡‐,8305,-3857,0,0,22,377.5,,,377.5
2026-08-22,楽園大宮店,2116,ミリオンゴッド‐神々の軌跡‐,6285,-2666,0,0,17,369.7,,,369.7
2026-08-22,楽園大宮店,2117,ミリオンゴッド‐神々の軌跡‐,4696,-523,2,0,17,247.2,2348.0,,276.2
2026-08-22,楽園大宮店,2118,ミリオンゴッド‐神々の軌跡‐,6414,-4142,0,0,14,458.1,,,458.1
2026-08-22,楽園大宮店,2119,ミリオンゴッド‐神々の軌跡‐,6150,-1952,0,0,18,341.7,,,341.7
2026-08-22,楽園大宮店,2120,ミリオンゴッド‐神々の軌跡‐,8261,6381,1,0,46,175.8,8261.0,,179.6
2026-08-22,楽園大宮店,2121,ミリオンゴッド‐神々の軌跡‐,7102,-1428,4,0,26,236.7,1775.5,,273.2
2026-08-22,楽園大宮店,2122,ミリオンゴッド‐神々の軌跡‐,9070,-2904,0,0,27,335.9,,,335.9
2026-08-22,楽園大宮店,2123,ミリオンゴッド‐神々の軌跡‐,8502,8715,0,0,51,166.7,,,166.7
2026-08-22,楽園大宮店,2124,ミリオンゴッド‐神々の軌跡‐,10495,-1333,0,0,36,291.5,,,291.5
2026-08-22,楽園大宮店,2125,ミリオンゴッド‐神々の軌跡‐,7489,-3666,0,0,20,374.4,,,374.4
2026-08-22,楽園大宮店,2126,ミリオンゴッド‐神々の軌跡‐,3566,-1904,0,0,9,396.2,,,396.2
2026-08-22,楽園大宮店,2127,ミリオンゴッド‐神々の軌跡‐,6930,-4190,0,0,16,433.1,,,433.1
2026-08-22,楽園大宮店,2128,ミリオンゴッド‐神々の軌跡‐,6499,-1952,0,0,21,309.5,,,309.5
2026-08-22,楽園大宮店,2145,ミリオンゴッド‐神々の軌跡‐,7206,-2428,0,0,21,343.1,,,343.1
2026-08-22,楽園大宮店,2146,ミリオンゴッド‐神々の軌跡‐,9801,2667,0,0,43,227.9,,,227.9
2026-08-22,楽園大宮店,2147,ミリオンゴッド‐神々の軌跡‐,6475,-2000,0,0,20,323.8,,,323.8
2026-08-22,楽園大宮店,2148,ミリオンゴッド‐神々の軌跡‐,6724,96,0,0,26,258.6,,,258.6
2026-08-22,楽園大宮店,2149,ミリオンゴッド‐神々の軌跡‐,7351,-666,0,0,26,282.7,,,282.7
2026-08-22,楽園大宮店,2150,ミリオンゴッド‐神々の軌跡‐,6361,-5095,0,0,9,706.8,,,706.8
2026-08-22,楽園大宮店,2151,真打 吉宗,7961,-2333,0,18,53,112.1,,442.3,150.2
2026-08-22,楽園大宮店,2152,真打 吉宗,8677,-5095,0,21,31,166.9,,413.2,279.9
2026-08-22,楽園大宮店,2153,真打 吉宗,5649,-1762,0,11,33,128.4,,513.5,171.2
2026-08-22,楽園大宮店,2154,真打 吉宗,7231,-2571,0,13,46,122.6,,556.2,157.2
2026-08-22,楽園大宮店,2155,真打 吉宗,9274,-190,0,18,76,98.7,,515.2,122.0
2026-08-22,楽園大宮店,2156,真打 吉宗,7889,477,0,19,67,91.7,,415.2,117.7
2026-08-22,楽園大宮店,2157,真打 吉宗,6021,-285,0,14,47,98.7,,430.1,128.1
2026-08-22,楽園大宮店,2158,真打 吉宗,8298,-2904,0,22,51,113.7,,377.2,162.7
2026-08-22,楽園大宮店,2159,真打 吉宗,8474,2381,0,17,76,91.1,,498.5,111.5
2026-08-22,楽園大宮店,2160,真打 吉宗,6969,-2714,0,19,42,114.2,,366.8,165.9
2026-08-22,楽園大宮店,2161,ミリオンゴッド‐神々の軌跡‐,4581,-4095,0,0,7,654.4,,,654.4
2026-08-22,楽園大宮店,2162,ミリオンゴッド‐神々の軌跡‐,5905,-1952,7,0,23,196.8,843.6,,256.7
2026-08-22,楽園大宮店,2163,ミリオンゴッド‐神々の軌跡‐,7528,-48,0,0,28,268.9,,,268.9
2026-08-22,楽園大宮店,2164,ミリオンゴッド‐神々の軌跡‐,5447,-1238,14,0,28,129.7,389.1,,194.5
2026-08-22,楽園大宮店,2165,ミリオンゴッド‐神々の軌跡‐,6681,-5095,0,0,13,513.9,,,513.9
2026-08-22,楽園大宮店,2166,ミリオンゴッド‐神々の軌跡‐,7852,-3428,0,0,21,373.9,,,373.9
2026-08-22,楽園大宮店,2191,ネオアイムジャグラーEX,6997,2572,35,22,0,122.8,199.9,318.0,
2026-08-22,楽園大宮店,2192,ネオアイムジャグラーEX,5937,2286,28,21,0,121.2,212.0,282.7,
2026-08-22,楽園大宮店,2193,ネオアイムジャグラーEX,7705,858,33,20,0,145.4,233.5,385.2,
2026-08-22,楽園大宮店,2194,ネオアイムジャグラーEX,7009,-714,22,22,0,159.3,318.6,318.6,
2026-08-22,楽園大宮店,2195,ネオアイムジャグラーEX,4518,858,21,8,0,155.8,215.1,564.8,
2026-08-22,楽園大宮店,2196,ネオアイムジャグラーEX,6579,334,25,21,0,143.0,263.2,313.3,
2026-08-22,楽園大宮店,2197,ネオアイムジャグラーEX,8040,1191,34,25,0,136.3,236.5,321.6,
2026-08-22,楽園大宮店,2198,ネオアイムジャグラーEX,5154,-571,17,13,0,171.8,303.2,396.5,
2026-08-22,楽園大宮店,2199,ネオアイムジャグラーEX,8456,715,33,27,0,140.9,256.2,313.2,
2026-08-22,楽園大宮店,2200,ネオアイムジャグラーEX,6699,477,25,23,0,139.6,268.0,291.3,
2026-08-22,楽園大宮店,2201,ネオアイムジャグラーEX,8336,-95,29,32,0,136.7,287.4,260.5,
2026-08-22,楽園大宮店,2202,ネオアイムジャグラーEX,7210,-95,26,24,0,144.2,277.3,300.4,
2026-08-22,楽園大宮店,2203,ネオアイムジャグラーEX,5502,-1809,14,18,0,171.9,393.0,305.7,
2026-08-22,楽園大宮店,2204,ネオアイムジャグラーEX,6196,524,26,19,0,137.7,238.3,326.1,
2026-08-22,楽園大宮店,2205,ネオアイムジャグラーEX,6988,96,27,17,0,158.8,258.8,411.1,
2026-08-22,楽園大宮店,2206,ネオアイムジャグラーEX,5871,-285,22,14,0,163.1,266.9,419.4,
2026-08-22,楽園大宮店,2207,ネオアイムジャグラーEX,7010,-857,22,24,0,152.4,318.6,292.1,
2026-08-22,楽園大宮店,2208,ネオアイムジャグラーEX,7724,905,29,28,0,135.5,266.3,275.9,
2026-08-22,楽園大宮店,2209,ネオアイムジャグラーEX,6120,334,25,16,0,149.3,244.8,382.5,
2026-08-22,楽園大宮店,2210,ネオアイムジャグラーEX,7448,953,32,18,0,149.0,232.8,413.8,
2026-08-22,楽園大宮店,2211,ネオアイムジャグラーEX,7699,-2047,22,18,0,192.5,350.0,427.7,
2026-08-22,楽園大宮店,2212,ネオアイムジャグラーEX,6815,1524,27,28,0,123.9,252.4,243.4,
2026-08-22,楽園大宮店,2213,ネオアイムジャグラーEX,5905,-381,21,15,0,164.0,281.2,393.7,
2026-08-22,楽園大宮店,2214,ネオアイムジャグラーEX,7032,524,32,14,0,152.9,219.8,502.3,
2026-08-22,楽園大宮店,2215,ネオアイムジャグラーEX,8372,2286,39,23,0,135.0,214.7,364.0,
2026-08-22,楽園大宮店,2216,ネオアイムジャグラーEX,7842,858,31,24,0,142.6,253.0,326.8,
2026-08-22,楽園大宮店,2217,ネオアイムジャグラーEX,7220,1286,33,19,0,138.8,218.8,380.0,
2026-08-22,楽園大宮店,2218,ネオアイムジャグラーEX,6256,334,27,15,0,149.0,231.7,417.1,
2026-08-22,楽園大宮店,2219,ネオアイムジャグラーEX,6823,2762,36,17,0,128.7,189.5,401.4,
2026-08-22,楽園大宮店,2220,ネオアイムジャグラーEX,5889,-285,19,21,0,147.2,309.9,280.4,
2026-08-22,楽園大宮店,2221,ネオアイムジャグラーEX,7384,1191,28,34,0,119.1,263.7,217.2,
2026-08-22,楽園大宮店,2222,ネオアイムジャグラーEX,7685,2429,35,33,0,113.0,219.6,232.9,
2026-08-22,楽園大宮店,2223,ネオアイムジャグラーEX,7204,381,27,23,0,144.1,266.8,313.2,
2026-08-22,楽園大宮店,2224,ネオアイムジャグラーEX,6670,-1095,24,14,0,175.5,277.9,476.4,
2026-08-22,楽園大宮店,2225,ネオアイムジャグラーEX,6782,-904,24,14,0,178.5,282.6,484.4,
2026-08-22,楽園大宮店,2226,ネオアイムジャグラーEX,6810,1715,29,26,0,123.8,234.8,261.9,
2026-08-22,楽園大宮店,2227,ネオアイムジャグラーEX,5470,1238,25,14,0,140.3,218.8,390.7,
2026-08-22,楽園大宮店,2228,ネオアイムジャグラーEX,6526,572,24,21,0,145.0,271.9,310.8,
2026-08-22,楽園大宮店,2229,ネオアイムジャグラーEX,7550,381,29,27,0,134.8,260.3,279.6,
2026-08-22,楽園大宮店,2230,ネオアイムジャグラーEX,6572,667,27,21,0,136.9,243.4,313.0,
2026-08-22,楽園大宮店,2231,ネオアイムジャグラーEX,6415,-476,21,20,0,156.5,305.5,320.8,
2026-08-22,楽園大宮店,2232,ネオアイムジャグラーEX,7470,905,29,25,0,138.3,257.6,298.8,
2026-08-22,楽園大宮店,2233,ネオアイムジャグラーEX,7105,-1762,18,22,0,177.6,394.7,323.0,
2026-08-22,楽園大宮店,2234,ネオアイムジャグラーEX,7749,905,28,32,0,129.2,276.8,242.2,
2026-08-22,楽園大宮店,2235,ネオアイムジャグラーEX,7218,-1142,24,20,0,164.0,300.8,360.9,
2026-08-22,楽園大宮店,2236,ネオアイムジャグラーEX,6485,-1904,16,21,0,175.3,405.3,308.8,
2026-08-22,楽園大宮店,2237,ネオアイムジャグラーEX,7287,-48,28,17,0,161.9,260.2,428.6,
2026-08-22,楽園大宮店,2238,ネオアイムジャグラーEX,6809,-1809,18,20,0,179.2,378.3,340.4,
2026-08-22,楽園大宮店,2239,ネオアイムジャグラーEX,7309,2286,37,22,0,123.9,197.5,332.2,
2026-08-22,楽園大宮店,2240,ネオアイムジャグラーEX,6831,-428,20,33,0,128.9,341.6,207.0,
2026-08-22,楽園大宮店,2241,ネオアイムジャグラーEX,7251,-1904,19,22,0,176.9,381.6,329.6,
2026-08-22,楽園大宮店,2242,ネオアイムジャグラーEX,6178,-1142,19,17,0,171.6,325.2,363.4,
2026-08-22,楽園大宮店,2243,ネオアイムジャグラーEX,5605,-142,20,16,0,155.7,280.2,350.3,
2026-08-22,楽園大宮店,2244,ネオアイムジャグラーEX,5185,667,23,13,0,144.0,225.4,398.8,
2026-08-22,楽園大宮店,2245,ネオアイムジャグラーEX,5932,-1142,22,11,0,179.8,269.6,539.3,
2026-08-22,楽園大宮店,2246,ネオアイムジャグラーEX,7862,-95,26,32,0,135.6,302.4,245.7,
2026-08-22,楽園大宮店,2247,ネオアイムジャグラーEX,8202,238,34,22,0,146.5,241.2,372.8,
2026-08-22,楽園大宮店,2248,ネオアイムジャグラーEX,7507,-1142,24,18,0,178.7,312.8,417.1,
2026-08-22,楽園大宮店,2249,ストリートファイター6,6594,2191,0,13,35,137.4,,507.2,188.4
2026-08-22,楽園大宮店,2250,ストリートファイター6,7344,4238,0,15,37,141.2,,489.6,198.5
2026-08-22,楽園大宮店,2251,ストリートファイター6,6897,-762,0,17,28,153.3,,405.7,246.3
2026-08-22,楽園大宮店,2252,ストリートファイター6,6517,-4190,0,19,25,148.1,,343.0,260.7
2026-08-22,楽園大宮店,2253,ストリートファイター6,7503,-1809,0,18,35,141.6,,416.8,214.4
2026-08-22,楽園大宮店,2254,ソードアート・オンラインII,6705,3905,0,0,52,128.9,,,128.9
2026-08-22,楽園大宮店,2255,ソードアート・オンラインII,6705,-3619,0,0,63,106.4,,,106.4
2026-08-22,楽園大宮店,2256,ソードアート・オンラインII,7498,5762,0,0,63,119.0,,,119.0
2026-08-22,楽園大宮店,2257,ソードアート・オンラインII,7246,4238,0,0,62,116.9,,,116.9
2026-08-22,楽園大宮店,2258,ソードアート・オンラインII,8344,-5095,0,0,48,173.8,,,173.8
2026-08-22,楽園大宮店,2259,ソードアート・オンラインII,8034,1572,0,0,60,133.9,,,133.9
2026-08-22,楽園大宮店,2260,ソードアート・オンラインII,9103,-1047,0,0,86,105.8,,,105.8
2026-08-22,楽園大宮店,2261,ソードアート・オンラインII,7853,3429,0,0,70,112.2,,,112.2
2026-08-22,楽園大宮店,2262,ソードアート・オンラインII,6922,1905,0,0,75,92.3,,,92.3
2026-08-22,楽園大宮店,2263,ソードアート・オンラインII,7443,-5095,0,0,56,132.9,,,132.9
2026-08-22,楽園大宮店,2264,ソードアート・オンラインII,7915,2858,0,0,63,125.6,,,125.6
2026-08-22,楽園大宮店,2265,ソードアート・オンラインII,7587,-2714,0,0,66,115.0,,,115.0
2026-08-22,楽園大宮店,2266,ソードアート・オンラインII,8046,3429,0,0,76,105.9,,,105.9
2026-08-22,楽園大宮店,2267,ソードアート・オンラインII,8713,-4285,0,0,72,121.0,,,121.0
2026-08-22,楽園大宮店,2268,ソードアート・オンラインII,7619,-1381,0,0,94,81.1,,,81.1
2026-08-22,楽園大宮店,2269,ソードアート・オンラインII,7989,-333,0,0,73,109.4,,,109.4
2026-08-22,楽園大宮店,2270,ソードアート・オンラインII,8753,-5095,0,0,68,128.7,,,128.7
2026-08-22,楽園大宮店,2271,ソードアート・オンラインII,8998,4905,0,0,90,100.0,,,100.0
2026-08-22,楽園大宮店,2272,ソードアート・オンラインII,6504,4477,0,0,62,104.9,,,104.9
2026-08-22,楽園大宮店,2273,ソードアート・オンラインII,9237,-1333,0,0,90,102.6,,,102.6
2026-08-22,楽園大宮店,2274,ソードアート・オンラインII,7534,-5095,0,0,62,121.5,,,121.5
2026-08-22,楽園大宮店,2275,ソードアート・オンラインII,8956,905,0,0,84,106.6,,,106.6
2026-08-22,楽園大宮店,2276,ソードアート・オンラインII,8905,5953,0,0,97,91.8,,,91.8
2026-08-22,楽園大宮店,2277,ソードアート・オンラインII,7899,-3666,0,0,67,117.9,,,117.9
2026-08-22,楽園大宮店,2278,ソードアート・オンラインII,6626,-3142,0,0,69,96.0,,,96.0
2026-08-22,楽園大宮店,2279,ソードアート・オンラインII,7721,-3476,0,0,73,105.8,,,105.8
2026-08-22,楽園大宮店,2280,ストリートファイター6,9018,12238,0,20,73,97.0,,450.9,123.5
2026-08-22,楽園大宮店,2281,ストリートファイター6,6262,-2333,0,13,27,156.6,,481.7,231.9
2026-08-22,楽園大宮店,2282,ストリートファイター6,5597,-2381,0,17,27,127.2,,329.2,207.3
2026-08-22,楽園大宮店,2283,ストリートファイター6,6626,-3666,0,18,25,154.1,,368.1,265.0
2026-08-22,楽園大宮店,2284,ストリートファイター6,6955,4619,0,15,44,117.9,,463.7,158.1
2026-08-22,楽園大宮店,2285,モンキーターンV,7438,-714,0,16,45,121.9,,464.9,165.3
2026-08-22,楽園大宮店,2286,モンキーターンV,4776,-619,0,13,32,106.1,,367.4,149.2
2026-08-22,楽園大宮店,2287,モンキーターンV,9150,-3523,0,21,43,143.0,,435.7,212.8
2026-08-22,楽園大宮店,2288,モンキーターンV,8979,4762,0,20,72,97.6,,448.9,124.7
2026-08-22,楽園大宮店,2289,モンキーターンV,8433,-2000,0,16,43,142.9,,527.1,196.1
2026-08-22,楽園大宮店,2290,モンキーターンV,7860,1191,0,16,62,100.8,,491.2,126.8
2026-08-22,楽園大宮店,2291,モンキーターンV,8202,1429,0,20,61,101.3,,410.1,134.5
2026-08-22,楽園大宮店,2292,モンキーターンV,8540,667,0,19,51,122.0,,449.5,167.5
2026-08-22,楽園大宮店,2293,モンキーターンV,5609,-3190,0,14,27,136.8,,400.6,207.7
2026-08-22,楽園大宮店,2294,モンキーターンV,7869,-2619,0,18,44,126.9,,437.2,178.8
2026-08-22,楽園大宮店,2295,モンキーターンV,5667,2762,0,9,50,96.1,,629.7,113.3
2026-08-22,楽園大宮店,2296,モンキーターンV,7813,-1619,0,22,51,107.0,,355.1,153.2
2026-08-22,楽園大宮店,2297,モンキーターンV,6280,1667,0,9,34,146.0,,697.8,184.7
2026-08-22,楽園大宮店,2298,モンキーターンV,8225,3572,0,22,55,106.8,,373.9,149.5
2026-08-22,楽園大宮店,2299,モンキーターンV,7547,-4714,0,17,34,148.0,,443.9,222.0
2026-08-22,楽園大宮店,2300,マイジャグラーV,7196,-809,24,19,0,167.3,299.8,378.7,
2026-08-22,楽園大宮店,2301,マイジャグラーV,8372,-95,30,29,0,141.9,279.1,288.7,
2026-08-22,楽園大宮店,2302,マイジャグラーV,7496,-48,29,17,0,163.0,258.5,440.9,
2026-08-22,楽園大宮店,2303,マイジャグラーV,7555,477,31,14,0,167.9,243.7,539.6,
2026-08-22,楽園大宮店,2304,マイジャグラーV,8366,334,31,29,0,139.4,269.9,288.5,
2026-08-22,楽園大宮店,2305,マイジャグラーV,6630,1334,33,14,0,141.1,200.9,473.6,
2026-08-22,楽園大宮店,2306,マイジャグラーV,8073,1334,33,30,0,128.1,244.6,269.1,
2026-08-22,楽園大宮店,2307,マイジャグラーV,8822,1762,35,34,0,127.9,252.1,259.5,
2026-08-22,楽園大宮店,2308,マイジャグラーV,7552,-1762,20,21,0,184.2,377.6,359.6,
2026-08-22,楽園大宮店,2309,マイジャグラーV,9031,1477,42,22,0,141.1,215.0,410.5,
2026-08-22,楽園大宮店,2310,マイジャグラーV,8894,2810,41,34,0,118.6,216.9,261.6,
2026-08-22,楽園大宮店,2311,マイジャグラーV,8937,715,29,43,0,124.1,308.2,207.8,
2026-08-22,楽園大宮店,2312,マイジャグラーV,7322,-2666,22,15,0,197.9,332.8,488.1,
2026-08-22,楽園大宮店,2313,マイジャグラーV,6863,143,23,23,0,149.2,298.4,298.4,
2026-08-22,楽園大宮店,2314,マイジャグラーV,0,0,0,0,0,,,,
2026-08-22,楽園大宮店,2315,マイジャグラーV,8088,-571,28,24,0,155.5,288.9,337.0,
2026-08-22,楽園大宮店,2316,マイジャグラーV,8393,-1857,25,18,0,195.2,335.7,466.3,
2026-08-22,楽園大宮店,2317,マイジャグラーV,7977,2143,36,31,0,119.1,221.6,257.3,
2026-08-22,楽園大宮店,2318,マイジャグラーV,5385,143,22,14,0,149.6,244.8,384.6,
2026-08-22,楽園大宮店,2319,マイジャグラーV,5854,191,20,24,0,133.0,292.7,243.9,
2026-08-22,楽園大宮店,2320,マイジャグラーV,7178,-571,26,17,0,166.9,276.1,422.2,
2026-08-22,楽園大宮店,2321,マイジャグラーV,6759,-1666,21,10,0,218.0,321.9,675.9,
2026-08-22,楽園大宮店,2322,マイジャグラーV,7943,191,29,24,0,149.9,273.9,331.0,
2026-08-22,楽園大宮店,2323,マイジャグラーV,7054,-1047,28,14,0,168.0,251.9,503.9,
2026-08-22,楽園大宮店,2324,マイジャグラーV,7798,-381,25,32,0,136.8,311.9,243.7,
2026-08-22,楽園大宮店,2325,マイジャグラーV,7707,-1762,20,30,0,154.1,385.4,256.9,
2026-08-22,楽園大宮店,2326,マイジャグラーV,5838,143,22,15,0,157.8,265.4,389.2,
2026-08-22,楽園大宮店,2327,マイジャグラーV,8347,191,31,26,0,146.4,269.3,321.0,
2026-08-22,楽園大宮店,2328,マイジャグラーV,7499,-666,25,25,0,150.0,300.0,300.0,
2026-08-22,楽園大宮店,2329,マイジャグラーV,9220,2000,39,32,0,129.9,236.4,288.1,
2026-08-22,楽園大宮店,2330,ゴーゴージャグラー3,6577,-2571,17,15,0,205.5,386.9,438.5,
2026-08-22,楽園大宮店,2331,ゴーゴージャグラー3,6672,-523,25,17,0,158.9,266.9,392.5,
2026-08-22,楽園大宮店,2332,ゴーゴージャグラー3,5822,-1047,17,25,0,138.6,342.5,232.9,
2026-08-22,楽園大宮店,2333,ゴーゴージャグラー3,6972,-95,28,19,0,148.3,249.0,366.9,
2026-08-22,楽園大宮店,2334,ゴーゴージャグラー3,7258,1810,35,26,0,119.0,207.4,279.2,
2026-08-22,楽園大宮店,2335,ゴーゴージャグラー3,6617,858,27,22,0,135.0,245.1,300.8,
2026-08-22,楽園大宮店,2336,ゴーゴージャグラー3,6934,905,30,23,0,130.8,231.1,301.5,
2026-08-22,楽園大宮店,2337,ゴーゴージャグラー3,7064,-619,23,27,0,141.3,307.1,261.6,
2026-08-22,楽園大宮店,2338,ゴーゴージャグラー3,6525,2429,37,17,0,120.8,176.4,383.8,
2026-08-22,楽園大宮店,2339,ゴーゴージャグラー3,7713,905,33,32,0,118.7,233.7,241.0,
2026-08-22,楽園大宮店,2340,ゴーゴージャグラー3,7199,-952,25,22,0,153.2,288.0,327.2,
2026-08-22,楽園大宮店,2341,ゴーゴージャグラー3,8110,-238,31,28,0,137.5,261.6,289.6,
2026-08-22,楽園大宮店,2342,ゴーゴージャグラー3,7218,477,29,24,0,136.2,248.9,300.8,
2026-08-22,楽園大宮店,2343,ゴーゴージャグラー3,6363,-1857,19,14,0,192.8,334.9,454.5,
2026-08-22,楽園大宮店,2344,ゴーゴージャグラー3,4726,-333,17,16,0,143.2,278.0,295.4,
2026-08-22,楽園大宮店,2345,ゴーゴージャグラー3,7964,-1238,28,23,0,156.2,284.4,346.3,
2026-08-22,楽園大宮店,2346,ゴーゴージャグラー3,6447,-190,26,19,0,143.3,248.0,339.3,
2026-08-22,楽園大宮店,2347,ゴーゴージャグラー3,5460,-571,21,16,0,147.6,260.0,341.2,
2026-08-22,楽園大宮店,2348,ゴーゴージャグラー3,5747,-2428,15,13,0,205.2,383.1,442.1,
2026-08-22,楽園大宮店,2349,ゴーゴージャグラー3,7808,143,32,25,0,137.0,244.0,312.3,
2026-08-22,楽園大宮店,2350,ゴーゴージャグラー3,5038,-3238,11,9,0,251.9,458.0,559.8,
2026-08-22,楽園大宮店,2351,ゴーゴージャグラー3,6938,96,27,20,0,147.6,257.0,346.9,
2026-08-22,楽園大宮店,2352,ゴーゴージャグラー3,7646,619,33,28,0,125.3,231.7,273.1,
2026-08-22,楽園大宮店,2353,ゴーゴージャグラー3,5713,96,22,16,0,150.3,259.7,357.1,
2026-08-22,楽園大宮店,2354,ゴーゴージャグラー3,7251,191,29,20,0,148.0,250.0,362.6,
2026-08-22,楽園大宮店,2355,ゴーゴージャグラー3,7529,-809,24,29,0,142.1,313.7,259.6,
2026-08-22,楽園大宮店,2356,ゴーゴージャグラー3,8258,1762,39,26,0,127.0,211.7,317.6,
2026-08-22,楽園大宮店,2357,ゴーゴージャグラー3,6311,-333,24,19,0,146.8,263.0,332.2,
2026-08-22,楽園大宮店,2358,ゴーゴージャグラー3,6048,1429,27,22,0,123.4,224.0,274.9,
2026-08-22,楽園大宮店,2359,スマスロ北斗の拳,4635,810,55,14,0,67.2,84.3,331.1,
2026-08-22,楽園大宮店,2360,スマスロ北斗の拳,6087,-3381,42,14,0,108.7,144.9,434.8,
2026-08-22,楽園大宮店,2361,スマスロ北斗の拳,5819,1619,74,15,0,65.4,78.6,387.9,
2026-08-22,楽園大宮店,2362,スマスロ北斗の拳,5953,-2000,54,18,0,82.7,110.2,330.7,
2026-08-22,楽園大宮店,2363,スマスロ北斗の拳,6102,-2285,49,15,0,95.3,124.5,406.8,
2026-08-22,楽園大宮店,2364,スマスロ北斗の拳,4634,572,56,8,0,72.4,82.8,579.2,
2026-08-22,楽園大宮店,2365,スマスロ北斗の拳,6642,-1285,66,10,0,87.4,100.6,664.2,
2026-08-22,楽園大宮店,2366,スマスロ北斗の拳,4681,-3000,31,8,0,120.0,151.0,585.1,
2026-08-22,楽園大宮店,2367,北斗の拳 転生の章2,7546,1334,0,19,69,85.8,,397.2,109.4
2026-08-22,楽園大宮店,2368,北斗の拳 転生の章2,3898,-2142,0,8,23,125.7,,487.2,169.5
2026-08-22,楽園大宮店,2369,北斗の拳 転生の章2,4728,-2381,0,8,27,135.1,,591.0,175.1
2026-08-22,楽園大宮店,2370,北斗の拳 転生の章2,7394,1477,0,11,65,97.3,,672.2,113.8
2026-08-22,楽園大宮店,2371,北斗の拳 転生の章2,9195,6667,0,19,86,87.6,,483.9,106.9
2026-08-22,楽園大宮店,2372,北斗の拳 転生の章2,6539,-3952,0,11,33,148.6,,594.5,198.2
2026-08-22,楽園大宮店,2373,北斗の拳 転生の章2,6712,3667,0,8,68,88.3,,839.0,98.7
2026-08-22,楽園大宮店,2374,北斗の拳 転生の章2,6024,-381,0,10,55,92.7,,602.4,109.5
2026-08-22,楽園大宮店,2375,北斗の拳 転生の章2,6196,-1523,0,11,50,101.6,,563.3,123.9
2026-08-22,楽園大宮店,2376,北斗の拳 転生の章2,8902,1048,0,19,75,94.7,,468.5,118.7
2026-08-22,楽園大宮店,2377,北斗の拳 転生の章2,5845,143,0,13,47,97.4,,449.6,124.4
2026-08-22,楽園大宮店,2378,北斗の拳 転生の章2,4650,-2142,0,9,26,132.9,,516.7,178.8
2026-08-22,楽園大宮店,2379,北斗の拳 転生の章2,5892,-1666,0,12,39,115.5,,491.0,151.1
2026-08-22,楽園大宮店,2380,北斗の拳 転生の章2,4111,-1095,0,10,28,108.2,,411.1,146.8
2026-08-22,楽園大宮店,2381,北斗の拳 転生の章2,7061,2905,0,15,68,85.1,,470.7,103.8
2026-08-22,楽園大宮店,2382,北斗の拳 転生の章2,8621,4000,0,15,96,77.7,,574.7,89.8
2026-08-22,楽園大宮店,2383,スマスロ北斗の拳,3377,143,40,7,0,71.9,84.4,482.4,
2026-08-22,楽園大宮店,2384,スマスロ北斗の拳,5771,-904,58,14,0,80.2,99.5,412.2,
2026-08-22,楽園大宮店,2385,スマスロ北斗の拳,5815,-3047,39,10,0,118.7,149.1,581.5,
2026-08-22,楽園大宮店,2386,スマスロ北斗の拳,7451,-1333,72,18,0,82.8,103.5,413.9,
2026-08-22,楽園大宮店,2387,スマスロ北斗の拳,4605,4096,74,15,0,51.7,62.2,307.0,
2026-08-22,楽園大宮店,2388,スマスロ北斗の拳,5730,-2238,46,13,0,97.1,124.6,440.8,
2026-08-22,楽園大宮店,2389,スマスロ北斗の拳,4626,-1000,42,13,0,84.1,110.1,355.8,
2026-08-22,楽園大宮店,2390,スマスロ北斗の拳,6656,-381,69,14,0,80.2,96.5,475.4,
2026-08-22,楽園大宮店,2391,マギアレコード 魔法少女まどか☆マギカ外伝,8008,10953,14,0,25,205.3,572.0,,320.3
2026-08-22,楽園大宮店,2392,マギアレコード 魔法少女まどか☆マギカ外伝,7996,3572,17,0,21,210.4,470.4,,380.8
2026-08-22,楽園大宮店,2393,マギアレコード 魔法少女まどか☆マギカ外伝,8346,-1666,27,0,15,198.7,309.1,,556.4
2026-08-22,楽園大宮店,2394,マギアレコード 魔法少女まどか☆マギカ外伝,8833,-428,28,0,21,180.3,315.5,,420.6
2026-08-22,楽園大宮店,2395,マギアレコード 魔法少女まどか☆マギカ外伝,8012,5715,15,0,16,258.5,534.1,,500.8
2026-08-22,楽園大宮店,2396,マギアレコード 魔法少女まどか☆マギカ外伝,9000,8381,18,0,19,243.2,500.0,,473.7
2026-08-22,楽園大宮店,2397,マギアレコード 魔法少女まどか☆マギカ外伝,8404,-1142,32,0,17,171.5,262.6,,494.4
2026-08-22,楽園大宮店,2398,マギアレコード 魔法少女まどか☆マギカ外伝,8643,3667,26,0,22,180.1,332.4,,392.9
2026-08-22,楽園大宮店,2399,マギアレコード 魔法少女まどか☆マギカ外伝,7761,-3523,24,0,18,184.8,323.4,,431.2
2026-08-22,楽園大宮店,2400,マギアレコード 魔法少女まどか☆マギカ外伝,8448,-285,33,0,21,156.4,256.0,,402.3
2026-08-22,楽園大宮店,2401,マギアレコード 魔法少女まどか☆マギカ外伝,8391,-1762,27,0,15,199.8,310.8,,559.4
2026-08-22,楽園大宮店,2402,マギアレコード 魔法少女まどか☆マギカ外伝,7630,-1381,25,0,19,173.4,305.2,,401.6
2026-08-22,楽園大宮店,2403,マギアレコード 魔法少女まどか☆マギカ外伝,8830,1762,29,0,23,169.8,304.5,,383.9
2026-08-22,楽園大宮店,2404,マギアレコード 魔法少女まどか☆マギカ外伝,8215,-1476,27,0,16,191.0,304.3,,513.4
2026-08-22,楽園大宮店,2405,マギアレコード 魔法少女まどか☆マギカ外伝,8623,5810,19,0,21,215.6,453.8,,410.6
2026-08-22,楽園大宮店,2406,マギアレコード 魔法少女まどか☆マギカ外伝,7591,-1047,24,0,18,180.7,316.3,,421.7
2026-08-22,楽園大宮店,2407,マギアレコード 魔法少女まどか☆マギカ外伝,9125,9143,15,0,27,217.3,608.3,,338.0
2026-08-22,楽園大宮店,2408,マギアレコード 魔法少女まどか☆マギカ外伝,5509,-2857,19,0,10,190.0,289.9,,550.9
2026-08-22,楽園大宮店,2409,マギアレコード 魔法少女まどか☆マギカ外伝,7156,1191,25,0,19,162.6,286.2,,376.6
2026-08-22,楽園大宮店,2410,マギアレコード 魔法少女まどか☆マギカ外伝,7751,-2238,24,0,19,180.3,323.0,,407.9
2026-08-22,楽園大宮店,2411,マギアレコード 魔法少女まどか☆マギカ外伝,8786,2238,21,0,22,204.3,418.4,,399.4
2026-08-22,楽園大宮店,2412,マギアレコード 魔法少女まどか☆マギカ外伝,9649,3619,20,0,24,219.3,482.4,,402.0
2026-08-22,楽園大宮店,2413,マギアレコード 魔法少女まどか☆マギカ外伝,8717,1858,25,0,20,193.7,348.7,,435.9
2026-08-22,楽園大宮店,2414,マギアレコード 魔法少女まどか☆マギカ外伝,8082,-1095,29,0,18,172.0,278.7,,449.0
2026-08-22,楽園大宮店,2415,マギアレコード 魔法少女まどか☆マギカ外伝,7961,2477,23,0,25,165.9,346.1,,318.4
2026-08-22,楽園大宮店,2416,マギアレコード 魔法少女まどか☆マギカ外伝,8051,-1619,25,0,17,191.7,322.0,,473.6
2026-08-22,楽園大宮店,2417,マギアレコード 魔法少女まどか☆マギカ外伝,7386,-1428,21,0,12,223.8,351.7,,615.5
2026-08-22,楽園大宮店,2418,マギアレコード 魔法少女まどか☆マギカ外伝,7612,9858,10,0,16,292.8,761.2,,475.8
2026-08-22,楽園大宮店,2419,かぐや様は告らせたい,6770,-4714,19,14,30,107.5,356.3,483.6,225.7
2026-08-22,楽園大宮店,2420,かぐや様は告らせたい,6544,-904,33,8,29,93.5,198.3,818.0,225.7
2026-08-22,楽園大宮店,2421,かぐや様は告らせたい,4558,-3381,15,3,18,126.6,303.9,1519.3,253.2
2026-08-22,楽園大宮店,2422,かぐや様は告らせたい,5420,1048,29,13,25,80.9,186.9,416.9,216.8
2026-08-22,楽園大宮店,2423,かぐや様は告らせたい,5658,-1904,22,8,27,99.3,257.2,707.2,209.6
2026-08-22,楽園大宮店,2424,かぐや様は告らせたい,5547,4715,37,6,19,89.5,149.9,924.5,291.9
2026-08-22,楽園大宮店,2425,かぐや様は告らせたい,4216,6191,41,5,15,69.1,102.8,843.2,281.1
2026-08-22,楽園大宮店,2426,かぐや様は告らせたい,5350,5429,41,7,22,76.4,130.5,764.3,243.2
2026-08-22,楽園大宮店,2427,かぐや様は告らせたい,6075,2334,31,11,31,83.2,196.0,552.3,196.0
2026-08-22,楽園大宮店,2428,かぐや様は告らせたい,7133,-1142,34,7,31,99.1,209.8,1019.0,230.1
2026-08-22,楽園大宮店,2429,かぐや様は告らせたい,5593,3238,37,5,21,88.8,151.2,1118.6,266.3
2026-08-22,楽園大宮店,2430,かぐや様は告らせたい,5696,-5095,8,11,30,116.2,712.0,517.8,189.9
2026-08-22,楽園大宮店,2431,かぐや様は告らせたい,5841,-2809,22,6,25,110.2,265.5,973.5,233.6
2026-08-22,楽園大宮店,2432,かぐや様は告らせたい,5776,-4809,13,13,28,107.0,444.3,444.3,206.3
2026-08-22,楽園大宮店,2433,かぐや様は告らせたい,5235,762,30,7,19,93.5,174.5,747.9,275.5
2026-08-22,楽園大宮店,2434,かぐや様は告らせたい,6543,286,35,9,27,92.2,186.9,727.0,242.3
2026-08-22,楽園大宮店,2435,ハッピージャグラーVIII,6719,-285,22,23,0,149.3,305.4,292.1,
2026-08-22,楽園大宮店,2436,ハッピージャグラーVIII,6529,-2428,17,18,0,186.5,384.1,362.7,
2026-08-22,楽園大宮店,2437,ハッピージャグラーVIII,7116,96,23,30,0,134.3,309.4,237.2,
2026-08-22,楽園大宮店,2438,ハッピージャグラーVIII,7899,667,30,28,0,136.2,263.3,282.1,
2026-08-22,楽園大宮店,2439,ハッピージャグラーVIII,5057,-1095,14,20,0,148.7,361.2,252.8,
2026-08-22,楽園大宮店,2440,ハッピージャグラーVIII,6008,-1285,18,19,0,162.4,333.8,316.2,
2026-08-22,楽園大宮店,2441,ハッピージャグラーVIII,5702,1429,26,17,0,132.6,219.3,335.4,
2026-08-22,楽園大宮店,2442,ハッピージャグラーVIII,7101,619,27,30,0,124.6,263.0,236.7,
2026-08-22,楽園大宮店,2443,ハッピージャグラーVIII,6830,-523,23,20,0,158.8,297.0,341.5,
2026-08-22,楽園大宮店,2444,ハッピージャグラーVIII,7433,1381,36,20,0,132.7,206.5,371.6,
2026-08-22,楽園大宮店,2445,ハッピージャグラーVIII,6168,2953,33,20,0,116.4,186.9,308.4,
2026-08-22,楽園大宮店,2446,ハッピージャグラーVIII,5188,-1000,17,11,0,185.3,305.2,471.6,
2026-08-22,楽園大宮店,2447,ハッピージャグラーVIII,7691,1762,34,23,0,134.9,226.2,334.4,
2026-08-22,楽園大宮店,2448,ハッピージャグラーVIII,6509,2334,35,16,0,127.6,186.0,406.8,
2026-08-22,楽園大宮店,2449,ハッピージャグラーVIII,8914,-619,26,35,0,146.1,342.8,254.7,
2026-08-22,楽園大宮店,2450,ハッピージャグラーVIII,6126,1000,27,18,0,136.1,226.9,340.3,
2026-08-22,楽園大宮店,2451,ハッピージャグラーVIII,5493,-1762,13,17,0,183.1,422.5,323.1,
2026-08-22,楽園大宮店,2452,ミスタージャグラー,7844,-619,24,31,0,142.6,326.8,253.0,
2026-08-22,楽園大宮店,2453,ミスタージャグラー,6958,-190,24,23,0,148.0,289.9,302.5,
2026-08-22,楽園大宮店,2454,ミスタージャグラー,6310,-190,21,23,0,143.4,300.5,274.3,
2026-08-22,楽園大宮店,2455,ミスタージャグラー,5864,-619,23,9,0,183.2,255.0,651.6,
2026-08-22,楽園大宮店,2456,ミスタージャグラー,6737,3619,37,29,0,102.1,182.1,232.3,
2026-08-22,楽園大宮店,2457,ミスタージャグラー,4732,-1904,11,12,0,205.7,430.2,394.3,
2026-08-22,楽園大宮店,2458,ミスタージャグラー,8176,572,30,32,0,131.9,272.5,255.5,
2026-08-22,楽園大宮店,2459,ミスタージャグラー,5021,-95,16,21,0,135.7,313.8,239.1,
2026-08-22,楽園大宮店,2460,ミスタージャグラー,7214,-1190,21,21,0,171.8,343.5,343.5,
2026-08-22,楽園大宮店,2461,ミスタージャグラー,5580,-1428,16,16,0,174.4,348.8,348.8,
2026-08-22,楽園大宮店,2462,ミスタージャグラー,7224,1477,32,21,0,136.3,225.8,344.0,
2026-08-22,楽園大宮店,2463,ミスタージャグラー,8006,1048,35,18,0,151.1,228.7,444.8,
2026-08-22,楽園大宮店,2464,ミスタージャグラー,7672,-142,28,23,0,150.4,274.0,333.6,
2026-08-22,楽園大宮店,2465,マイジャグラーV,7204,-238,27,19,0,156.6,266.8,379.2,
2026-08-22,楽園大宮店,2466,マイジャグラーV,6814,1762,31,18,0,139.1,219.8,378.6,
2026-08-22,楽園大宮店,2467,マイジャグラーV,6983,2858,36,20,0,124.7,194.0,349.1,
2026-08-22,楽園大宮店,2468,マイジャグラーV,7497,619,30,20,0,149.9,249.9,374.9,
2026-08-22,楽園大宮店,2469,マイジャグラーV,7937,1048,34,31,0,122.1,233.4,256.0,
2026-08-22,楽園大宮店,2470,マイジャグラーV,8030,-1333,25,26,0,157.5,321.2,308.8,
2026-08-22,楽園大宮店,2471,マイジャグラーV,7498,-333,27,26,0,141.5,277.7,288.4,
2026-08-22,楽園大宮店,2472,マイジャグラーV,8161,-95,30,24,0,151.1,272.0,340.0,
2026-08-22,楽園大宮店,2473,マイジャグラーV,7517,-571,28,16,0,170.8,268.5,469.8,
2026-08-22,楽園大宮店,2474,マイジャグラーV,7982,2096,39,23,0,128.7,204.7,347.0,
2026-08-22,楽園大宮店,2475,マイジャグラーV,8212,-428,29,20,0,167.6,283.2,410.6,
2026-08-22,楽園大宮店,2476,マイジャグラーV,8194,96,27,32,0,138.9,303.5,256.1,
2026-08-22,楽園大宮店,2477,マイジャグラーV,7000,-571,24,23,0,148.9,291.7,304.3,
2026-08-22,楽園大宮店,2478,マイジャグラーV,7586,286,28,24,0,145.9,270.9,316.1,
2026-08-22,楽園大宮店,2479,マイジャグラーV,8382,-619,26,28,0,155.2,322.4,299.4,
2026-08-22,楽園大宮店,2480,マイジャグラーV,6780,-95,24,20,0,154.1,282.5,339.0,
2026-08-22,楽園大宮店,2481,マイジャグラーV,7168,1191,32,17,0,146.3,224.0,421.6,
2026-08-22,楽園大宮店,2482,マイジャグラーV,7107,143,24,27,0,139.4,296.1,263.2,
2026-08-22,楽園大宮店,2483,マイジャグラーV,7529,2286,34,30,0,117.6,221.4,251.0,
2026-08-22,楽園大宮店,2484,マイジャグラーV,7916,1048,30,28,0,136.5,263.9,282.7,
2026-08-22,楽園大宮店,2485,マイジャグラーV,8063,-2047,24,20,0,183.2,336.0,403.1,
2026-08-22,楽園大宮店,2486,マイジャグラーV,5247,715,22,14,0,145.8,238.5,374.8,
2026-08-22,楽園大宮店,2487,マイジャグラーV,6356,-1095,20,15,0,181.6,317.8,423.7,
2026-08-22,楽園大宮店,2488,マイジャグラーV,0,0,0,0,0,,,,
2026-08-22,楽園大宮店,2489,マイジャグラーV,5538,-904,18,14,0,173.1,307.7,395.6,
2026-08-22,楽園大宮店,2490,マイジャグラーV,6927,1858,32,23,0,125.9,216.5,301.2,
2026-08-22,楽園大宮店,2491,マイジャグラーV,7957,524,33,21,0,147.4,241.1,378.9,
2026-08-22,楽園大宮店,2492,マイジャグラーV,7426,1381,35,21,0,132.6,212.2,353.6,
2026-08-22,楽園大宮店,2493,マイジャグラーV,7283,-142,26,19,0,161.8,280.1,383.3,
2026-08-22,楽園大宮店,2494,マイジャグラーV,0,0,0,0,0,,,,
2026-08-22,楽園大宮店,2495,マイジャグラーV,7848,1905,39,19,0,135.3,201.2,413.1,
2026-08-22,楽園大宮店,2496,ゴーゴージャグラー3,7173,-2095,20,23,0,166.8,358.6,311.9,
2026-08-22,楽園大宮店,2497,ゴーゴージャグラー3,6675,96,27,19,0,145.1,247.2,351.3,
2026-08-22,楽園大宮店,2498,ゴーゴージャグラー3,6930,-762,23,23,0,150.7,301.3,301.3,
2026-08-22,楽園大宮店,2499,ゴーゴージャグラー3,8146,477,33,26,0,138.1,246.8,313.3,
2026-08-22,楽園大宮店,2500,ゴーゴージャグラー3,6477,-1476,19,24,0,150.6,340.9,269.9,
2026-08-22,楽園大宮店,2501,ゴーゴージャグラー3,6302,-1333,19,18,0,170.3,331.7,350.1,
2026-08-22,楽園大宮店,2502,ゴーゴージャグラー3,4492,1524,23,17,0,112.3,195.3,264.2,
2026-08-22,楽園大宮店,2503,ゴーゴージャグラー3,5529,-1142,16,19,0,158.0,345.6,291.0,
2026-08-22,楽園大宮店,2504,ゴーゴージャグラー3,7748,-333,26,28,0,143.5,298.0,276.7,
2026-08-22,楽園大宮店,2505,ゴーゴージャグラー3,5562,381,25,14,0,142.6,222.5,397.3,
2026-08-22,楽園大宮店,2506,ゴーゴージャグラー3,6038,-619,20,18,0,158.9,301.9,335.4,
2026-08-22,楽園大宮店,2507,ゴーゴージャグラー3,6749,2191,36,21,0,118.4,187.5,321.4,
2026-08-22,楽園大宮店,2508,ゴーゴージャグラー3,8912,2191,41,36,0,115.7,217.4,247.6,
2026-08-22,楽園大宮店,2509,ゴーゴージャグラー3,8263,2096,37,30,0,123.3,223.3,275.4,
2026-08-22,楽園大宮店,2510,ゴーゴージャグラー3,7970,-1428,25,25,0,159.4,318.8,318.8,
2026-08-22,楽園大宮店,2511,ゴーゴージャグラー3,4152,-904,12,15,0,153.8,346.0,276.8,
2026-08-22,楽園大宮店,2512,ゴーゴージャグラー3,6379,-1666,21,16,0,172.4,303.8,398.7,
2026-08-22,楽園大宮店,2513,ゴーゴージャグラー3,7136,-381,26,24,0,142.7,274.5,297.3,
2026-08-22,楽園大宮店,2514,ゴーゴージャグラー3,6322,429,25,21,0,137.4,252.9,301.0,
2026-08-22,楽園大宮店,2515,ゴーゴージャグラー3,5624,143,23,14,0,152.0,244.5,401.7,
2026-08-22,楽園大宮店,2516,ゴーゴージャグラー3,7020,953,29,26,0,127.6,242.1,270.0,
2026-08-22,楽園大宮店,2517,ゴーゴージャグラー3,7684,-381,33,17,0,153.7,232.8,452.0,
2026-08-22,楽園大宮店,2518,ゴーゴージャグラー3,5132,762,25,11,0,142.6,205.3,466.5,
2026-08-22,楽園大宮店,2519,ゴーゴージャグラー3,7262,-1666,20,25,0,161.4,363.1,290.5,
2026-08-22,楽園大宮店,2520,北斗の拳 転生の章2,4807,-1762,40,12,0,92.4,120.2,400.6,
2026-08-22,楽園大宮店,2521,北斗の拳 転生の章2,3529,-1047,32,7,0,90.5,110.3,504.1,
2026-08-22,楽園大宮店,2522,北斗の拳 転生の章2,4442,-2666,31,14,0,98.7,143.3,317.3,
2026-08-22,楽園大宮店,2523,北斗の拳 転生の章2,5535,-1381,58,16,0,74.8,95.4,345.9,
2026-08-22,楽園大宮店,2524,北斗の拳 転生の章2,4055,-1238,36,11,0,86.3,112.6,368.6,
2026-08-22,楽園大宮店,2525,北斗の拳 転生の章2,4276,-571,41,12,0,80.7,104.3,356.3,
2026-08-22,楽園大宮店,2526,北斗の拳 転生の章2,2701,-3047,9,4,0,207.8,300.1,675.2,
2026-08-22,楽園大宮店,2527,北斗の拳 転生の章2,3878,-2238,27,13,0,97.0,143.6,298.3,
2026-08-22,楽園大宮店,2528,北斗の拳 転生の章2,6018,-1095,59,18,0,78.2,102.0,334.3,
2026-08-22,楽園大宮店,2529,北斗の拳 転生の章2,2581,-1333,19,6,0,103.2,135.8,430.2,
2026-08-22,楽園大宮店,2530,北斗の拳 転生の章2,4811,524,60,14,0,65.0,80.2,343.6,
2026-08-22,楽園大宮店,2531,北斗の拳 転生の章2,3601,-3381,17,5,0,163.7,211.8,720.2,
2026-08-22,楽園大宮店,2532,北斗の拳 転生の章2,3787,-3047,22,7,0,130.6,172.1,541.0,
2026-08-22,楽園大宮店,2533,北斗の拳 転生の章2,5649,-4285,35,11,0,122.8,161.4,513.5,
2026-08-22,楽園大宮店,2534,北斗の拳 転生の章2,3848,-1047,34,12,0,83.7,113.2,320.7,
2026-08-22,楽園大宮店,2535,北斗の拳 転生の章2,3543,6858,73,12,0,41.7,48.5,295.2,
2026-08-22,楽園大宮店,2536,北斗の拳 転生の章2,5897,381,68,23,0,64.8,86.7,256.4,
2026-08-22,楽園大宮店,2537,北斗の拳 転生の章2,3866,-809,37,13,0,77.3,104.5,297.4,
2026-08-22,楽園大宮店,2538,北斗の拳 転生の章2,5565,143,62,20,0,67.9,89.8,278.2,
2026-08-22,楽園大宮店,2539,北斗の拳 転生の章2,4968,3429,85,18,0,48.2,58.4,276.0,
2026-08-22,楽園大宮店,2540,北斗の拳 転生の章2,2543,3381,68,7,0,33.9,37.4,363.3,
2026-08-22,楽園大宮店,2541,北斗の拳 転生の章2,5995,-1333,57,19,0,78.9,105.2,315.5,
2026-08-22,楽園大宮店,2542,北斗の拳 転生の章2,3439,2810,56,10,0,52.1,61.4,343.9,
2026-08-22,楽園大宮店,2543,北斗の拳 転生の章2,4683,7286,87,17,0,45.0,53.8,275.5,
2026-08-22,楽園大宮店,2544,北斗の拳 転生の章2,4364,5238,81,17,0,44.5,53.9,256.7,
2026-08-22,楽園大宮店,2545,北斗の拳 転生の章2,6484,-1381,78,22,0,64.8,83.1,294.7,
2026-08-22,楽園大宮店,2546,北斗の拳 転生の章2,3692,-1809,29,9,0,97.2,127.3,410.2,
2026-08-22,楽園大宮店,2547,北斗の拳 転生の章2,4140,-3523,28,8,0,115.0,147.9,517.5,
2026-08-22,楽園大宮店,2548,スマスロ炎炎ノ消防隊2,7438,-2762,0,20,32,143.0,,371.9,232.4
2026-08-22,楽園大宮店,2549,スマスロ炎炎ノ消防隊2,5698,3191,0,13,36,116.3,,438.3,158.3
2026-08-22,楽園大宮店,2550,スマスロ炎炎ノ消防隊2,5404,-1428,0,8,22,180.1,,675.5,245.6
2026-08-22,楽園大宮店,2551,スマスロ炎炎ノ消防隊2,6961,6143,0,14,53,103.9,,497.2,131.3
2026-08-22,楽園大宮店,2552,スマスロ炎炎ノ消防隊2,6180,-1381,0,11,26,167.0,,561.8,237.7
2026-08-22,楽園大宮店,2553,スマスロ炎炎ノ消防隊2,7133,-3285,0,14,29,165.9,,509.5,246.0
2026-08-22,楽園大宮店,2554,スマスロ炎炎ノ消防隊2,8634,810,0,17,47,134.9,,507.9,183.7
2026-08-22,楽園大宮店,2555,スマスロ炎炎ノ消防隊2,7197,3096,0,14,47,118.0,,514.1,153.1
2026-08-22,楽園大宮店,2556,スマスロ炎炎ノ消防隊2,3837,-1333,0,7,16,166.8,,548.1,239.8
2026-08-22,楽園大宮店,2557,スマスロ炎炎ノ消防隊2,7171,4477,0,10,47,125.8,,717.1,152.6
2026-08-22,楽園大宮店,2558,スマスロ炎炎ノ消防隊2,4781,-2619,0,11,14,191.2,,434.6,341.5
2026-08-22,楽園大宮店,2559,スマスロ炎炎ノ消防隊2,5983,4429,0,12,35,127.3,,498.6,170.9
2026-08-22,楽園大宮店,2560,スマスロ炎炎ノ消防隊2,5028,-1047,0,10,19,173.4,,502.8,264.6
2026-08-22,楽園大宮店,2561,スマスロ炎炎ノ消防隊2,7111,-1619,0,11,28,182.3,,646.5,254.0
2026-08-22,楽園大宮店,2562,スマスロ炎炎ノ消防隊2,7260,3381,0,16,50,110.0,,453.8,145.2
2026-08-22,楽園大宮店,2563,スマスロ炎炎ノ消防隊2,6933,1381,0,12,29,169.1,,577.8,239.1
2026-08-22,楽園大宮店,2564,スマスロ炎炎ノ消防隊2,8415,-1571,0,20,40,140.2,,420.8,210.4
2026-08-22,楽園大宮店,2565,スマスロ炎炎ノ消防隊2,7077,6667,0,20,35,128.7,,353.9,202.2
2026-08-22,楽園大宮店,2566,スマスロ炎炎ノ消防隊2,8529,-1095,0,22,37,144.6,,387.7,230.5
2026-08-22,楽園大宮店,2567,スマスロ炎炎ノ消防隊2,7928,2572,0,14,42,141.6,,566.3,188.8
2026-08-22,楽園大宮店,2568,スマスロ炎炎ノ消防隊2,5905,-3571,0,11,16,218.7,,536.8,369.1
2026-08-22,楽園大宮店,2569,スマスロ炎炎ノ消防隊2,6367,-2142,0,20,24,144.7,,318.4,265.3
2026-08-22,楽園大宮店,2570,スマスロ炎炎ノ消防隊2,6290,-523,0,13,32,139.8,,483.8,196.6
2026-08-22,楽園大宮店,2571,スマスロ炎炎ノ消防隊2,7589,2524,0,12,44,135.5,,632.4,172.5
2026-08-22,楽園大宮店,2572,からくりサーカス2,6641,191,0,21,45,100.6,,316.2,147.6
2026-08-22,楽園大宮店,2573,からくりサーカス2,5915,286,0,15,39,109.5,,394.3,151.7
2026-08-22,楽園大宮店,2574,からくりサーカス2,7311,2667,0,13,69,89.2,,562.4,106.0
2026-08-22,楽園大宮店,2575,からくりサーカス2,6247,-2381,0,14,43,109.6,,446.2,145.3
2026-08-22,楽園大宮店,2576,からくりサーカス2,7706,-2000,0,16,45,126.3,,481.6,171.2
2026-08-22,楽園大宮店,2577,からくりサーカス2,5051,-2142,0,13,31,114.8,,388.5,162.9
2026-08-22,楽園大宮店,2578,からくりサーカス2,4971,-3571,0,7,24,160.4,,710.1,207.1
2026-08-22,楽園大宮店,2579,からくりサーカス2,7836,191,0,22,58,98.0,,356.2,135.1
2026-08-22,楽園大宮店,2580,からくりサーカス2,5606,-4142,0,14,30,127.4,,400.4,186.9
2026-08-22,楽園大宮店,2581,からくりサーカス2,8655,9429,0,18,84,84.9,,480.8,103.0
2026-08-22,楽園大宮店,2582,からくりサーカス2,7764,15477,0,29,89,65.8,,267.7,87.2
2026-08-22,楽園大宮店,2583,からくりサーカス2,8012,4524,0,16,67,96.5,,500.8,119.6
2026-08-22,楽園大宮店,2584,からくりサーカス2,6199,1667,0,14,46,103.3,,442.8,134.8
2026-08-22,楽園大宮店,2585,からくりサーカス2,7279,-1285,0,15,56,102.5,,485.3,130.0
2026-08-22,楽園大宮店,2586,からくりサーカス2,8992,3048,0,23,75,91.8,,391.0,119.9
2026-08-22,楽園大宮店,2587,からくりサーカス2,6507,-5095,0,14,23,175.9,,464.8,282.9
2026-08-22,楽園大宮店,2588,からくりサーカス2,6340,-4000,0,12,26,166.8,,528.3,243.8
2026-08-22,楽園大宮店,2589,からくりサーカス2,7262,-2333,0,17,53,103.7,,427.2,137.0
2026-08-22,楽園大宮店,2590,からくりサーカス2,8636,-5095,0,16,33,176.2,,539.8,261.7
2026-08-22,楽園大宮店,2591,からくりサーカス2,5148,-2095,0,11,32,119.7,,468.0,160.9
2026-08-22,楽園大宮店,2592,からくりサーカス2,6623,-2714,0,14,33,140.9,,473.1,200.7
2026-08-22,楽園大宮店,2593,からくりサーカス2,6482,-2666,0,19,36,117.9,,341.2,180.1
2026-08-22,楽園大宮店,2594,からくりサーカス2,7099,-4095,0,15,42,124.5,,473.3,169.0
2026-08-22,楽園大宮店,2595,からくりサーカス2,5494,7810,0,12,51,87.2,,457.8,107.7
2026-08-22,楽園大宮店,2596,からくりサーカス2,9074,-2476,0,23,56,114.9,,394.5,162.0
2026-08-22,楽園大宮店,2597,からくりサーカス2,7501,-857,0,13,53,113.7,,577.0,141.5
2026-08-22,楽園大宮店,2598,とある魔術の禁書目録2,6909,2048,0,29,33,111.4,,238.2,209.4
2026-08-22,楽園大宮店,2599,とある魔術の禁書目録2,9464,6715,0,21,37,163.2,,450.7,255.8
2026-08-22,楽園大宮店,2600,とある魔術の禁書目録2,8732,-5095,0,32,21,164.8,,272.9,415.8
2026-08-22,楽園大宮店,2601,とある魔術の禁書目録2,7924,3953,0,24,33,139.0,,330.2,240.1
2026-08-22,楽園大宮店,2602,とある魔術の禁書目録2,9142,6667,0,23,41,142.8,,397.5,223.0
2026-08-22,楽園大宮店,2603,とある魔術の禁書目録2,8031,9810,0,16,47,127.5,,501.9,170.9
2026-08-22,楽園大宮店,2604,とある魔術の禁書目録2,9631,-2619,0,32,40,133.8,,301.0,240.8
2026-08-22,楽園大宮店,2605,とある魔術の禁書目録2,7605,3096,0,18,32,152.1,,422.5,237.7
2026-08-22,楽園大宮店,2606,革命機ヴァルヴレイヴ2,5274,3715,70,5,14,59.3,75.3,1054.8,376.7
2026-08-22,楽園大宮店,2607,革命機ヴァルヴレイヴ2,6117,-2952,37,6,18,100.3,165.3,1019.5,339.8
2026-08-22,楽園大宮店,2608,革命機ヴァルヴレイヴ2,6941,-1714,38,8,25,97.8,182.7,867.6,277.6
2026-08-22,楽園大宮店,2609,革命機ヴァルヴレイヴ2,5883,-3666,21,4,20,130.7,280.1,1470.8,294.1
2026-08-22,楽園大宮店,2610,革命機ヴァルヴレイヴ2,4056,1143,51,6,13,57.9,79.5,676.0,312.0
2026-08-22,楽園大宮店,2611,革命機ヴァルヴレイヴ2,4123,-4190,11,6,11,147.2,374.8,687.2,374.8
2026-08-22,楽園大宮店,2612,革命機ヴァルヴレイヴ2,6381,191,52,7,19,81.8,122.7,911.6,335.8
2026-08-22,楽園大宮店,2613,革命機ヴァルヴレイヴ2,7678,96,44,4,20,112.9,174.5,1919.5,383.9
2026-08-22,楽園大宮店,2614,革命機ヴァルヴレイヴ2,5720,4048,66,4,16,66.5,86.7,1430.0,357.5
2026-08-22,楽園大宮店,2615,革命機ヴァルヴレイヴ2,6165,-142,57,4,14,82.2,108.2,1541.2,440.4
2026-08-22,楽園大宮店,2616,革命機ヴァルヴレイヴ2,6378,-5095,31,8,16,116.0,205.7,797.2,398.6
2026-08-22,楽園大宮店,2617,革命機ヴァルヴレイヴ2,6440,-857,44,6,29,81.5,146.4,1073.3,222.1
2026-08-22,楽園大宮店,2618,革命機ヴァルヴレイヴ2,6738,3000,69,5,16,74.9,97.7,1347.6,421.1
2026-08-22,楽園大宮店,2619,革命機ヴァルヴレイヴ2,5239,-3047,29,4,16,106.9,180.7,1309.8,327.4
2026-08-22,楽園大宮店,2620,革命機ヴァルヴレイヴ2,5740,-1190,35,2,12,117.1,164.0,2870.0,478.3
2026-08-22,楽園大宮店,2621,革命機ヴァルヴレイヴ2,7325,5286,109,7,20,53.9,67.2,1046.4,366.2
2026-08-22,楽園大宮店,2622,GI優駿倶楽部黄金,6213,238,0,12,49,101.9,,517.8,126.8
2026-08-22,楽園大宮店,2623,ダーリン・イン・ザ・フランキス,6470,-238,0,30,39,93.8,,215.7,165.9
2026-08-22,楽園大宮店,2624,ミリオンゴッド‐神々の軌跡‐,3227,-1428,0,0,8,403.4,,,403.4
2026-08-22,楽園大宮店,2625,バンドリ！,5194,-1428,0,10,27,140.4,,519.4,192.4
2026-08-22,楽園大宮店,2626,HEY！エリートサラリーマン鏡,5981,-3047,0,9,26,170.9,,664.6,230.0
2026-08-22,楽園大宮店,2627,頭文字D 2nd,5777,96,0,5,49,107.0,,1155.4,117.9
2026-08-22,楽園大宮店,2628,ゾンビランドサガ,4435,-619,44,0,7,87.0,100.8,,633.6
2026-08-22,楽園大宮店,2629,シャーマンキング,5857,-1190,12,0,18,195.2,488.1,,325.4
2026-08-22,楽園大宮店,2630,スマスロ真・北斗無双,3469,-1333,22,0,8,115.6,157.7,,433.6
2026-08-22,楽園大宮店,2631,プリズムナナ,4195,-2619,16,21,0,113.4,262.2,199.8,
2026-08-22,楽園大宮店,2632,ガールズ&パンツァー 最終章,3551,-476,36,29,0,54.6,98.6,122.4,
2026-08-22,楽園大宮店,2633,戦国コレクション6,6927,-4619,0,13,22,197.9,,532.8,314.9
2026-08-22,楽園大宮店,2634,七つの魔剣が支配する,7285,953,0,20,79,73.6,,364.2,92.2
2026-08-22,楽園大宮店,2635,ひぐらしのなく頃に 業,2164,-762,4,4,0,270.5,541.0,541.0,
2026-08-22,楽園大宮店,2636,マジカルハロウィン8,6200,2143,36,0,83,52.1,172.2,,74.7
2026-08-22,楽園大宮店,2637,BIRDIE WING ‐Golf Girls' Story‐,7442,-3523,0,51,59,67.7,,145.9,126.1
2026-08-22,楽園大宮店,2638,とある科学の超電磁砲2,5234,858,0,11,21,163.6,,475.8,249.2
2026-08-22,楽園大宮店,2639,ビッグドリーム THE GOLDEN PUSHER,6622,-4476,0,29,44,90.7,,228.3,150.5
2026-08-22,楽園大宮店,2640,吉宗,5736,-2619,8,5,0,441.2,717.0,1147.2,
2026-08-22,楽園大宮店,2641,吉宗,6381,-3238,8,10,0,354.5,797.6,638.1,
2026-08-22,楽園大宮店,2642,吉宗,5698,1381,13,8,0,271.3,438.3,712.2,
2026-08-22,楽園大宮店,2643,吉宗,6722,-333,13,7,0,336.1,517.1,960.3,
2026-08-22,楽園大宮店,2644,吉宗,7148,-4095,9,5,0,510.6,794.2,1429.6,
2026-08-22,楽園大宮店,2645,バイオハザード RE:2,5330,-95,39,0,39,68.3,136.7,,136.7
2026-08-22,楽園大宮店,2646,頭文字D,1447,-238,6,6,0,120.6,241.2,241.2,
2026-08-22,楽園大宮店,2647,ハイパーラッシュ,6854,1381,30,15,0,152.3,228.5,456.9,
2026-08-22,楽園大宮店,2648,コードギアス反逆のルルーシュ3 C.C.&Kallen ver.,7921,-190,22,23,45,88.0,360.0,344.4,176.0
2026-08-22,楽園大宮店,2649,コードギアス反逆のルルーシュ3 C.C.&Kallen ver.,5653,-2095,13,10,23,122.9,434.8,565.3,245.8
2026-08-22,楽園大宮店,2650,コードギアス反逆のルルーシュ3 C.C.&Kallen ver.,6774,191,25,7,32,105.8,271.0,967.7,211.7
2026-08-22,楽園大宮店,2651,この素晴らしい世界に祝福を！,0,0,0,0,0,,,,
2026-08-22,楽園大宮店,2652,この素晴らしい世界に祝福を！,6065,2524,0,11,104,52.7,,551.4,58.3
2026-08-22,楽園大宮店,2653,この素晴らしい世界に祝福を！,7335,858,0,18,108,58.2,,407.5,67.9
2026-08-22,楽園大宮店,2654,ダンジョンに出会いを求めるのは間違っているだろうか2,4299,810,29,0,65,45.7,148.2,,66.1
2026-08-22,楽園大宮店,2655,ダンジョンに出会いを求めるのは間違っているだろうか2,4366,-285,23,0,78,43.2,189.8,,56.0
2026-08-22,楽園大宮店,2656,ダンジョンに出会いを求めるのは間違っているだろうか2,7561,5191,51,0,185,32.0,148.3,,40.9
2026-08-22,楽園大宮店,2657,交響詩篇エウレカセブン HI-EVOLUTION ZERO TYPE‐ART,5989,-1333,31,0,27,103.3,193.2,,221.8
2026-08-22,楽園大宮店,2658,交響詩篇エウレカセブン HI-EVOLUTION ZERO TYPE‐ART,4940,-2476,17,0,21,130.0,290.6,,235.2
2026-08-22,楽園大宮店,2659,交響詩篇エウレカセブン HI-EVOLUTION ZERO TYPE‐ART,6695,2334,44,0,52,69.7,152.2,,128.8
2026-08-22,楽園大宮店,2660,交響詩篇エウレカセブン HI-EVOLUTION ZERO TYPE‐ART,5096,1238,31,0,35,77.2,164.4,,145.6
2026-08-22,楽園大宮店,2661,交響詩篇エウレカセブン HI-EVOLUTION ZERO TYPE‐ART,5978,-428,32,0,33,92.0,186.8,,181.2
2026-08-22,楽園大宮店,2662,交響詩篇エウレカセブン HI-EVOLUTION ZERO TYPE‐ART,5991,-1714,26,0,30,107.0,230.4,,199.7
2026-08-22,楽園大宮店,2663,マクロスデルタ,6675,1048,0,12,63,89.0,,556.2,106.0
2026-08-22,楽園大宮店,2664,新鬼武者2,6562,4953,0,36,67,63.7,,182.3,97.9
2026-08-22,楽園大宮店,2665,ニューパルサーSP4 with 太鼓の達人,4907,-238,17,13,0,163.6,288.6,377.5,
2026-08-22,楽園大宮店,2666,盾の勇者の成り上がり,5542,-381,0,16,95,49.9,,346.4,58.3
2026-08-22,楽園大宮店,2667,押忍!番長ZERO,4541,1000,0,5,38,105.6,,908.2,119.5
2026-08-22,楽園大宮店,2668,甲鉄城のカバネリ,7390,2572,24,0,62,85.9,307.9,,119.2
2026-08-22,楽園大宮店,2669,ハードボイルド,5432,1477,20,9,27,97.0,271.6,603.6,201.2
2026-08-22,楽園大宮店,2670,ハードボイルド,0,0,0,0,0,,,,
2026-08-22,楽園大宮店,2671,ハードボイルド,5194,-2428,10,14,9,157.4,519.4,371.0,577.1
2026-08-22,楽園大宮店,2672,クランキークレスト,7034,1619,29,23,0,135.3,242.6,305.8,
2026-08-22,楽園大宮店,2673,クランキークレスト,6382,1048,27,16,0,148.4,236.4,398.9,
2026-08-22,楽園大宮店,2674,クランキークレスト,6514,-2428,16,15,0,210.1,407.1,434.3,
2026-08-22,楽園大宮店,2675,SLOTドルアーガの塔,3943,-95,14,5,0,207.5,281.6,788.6,
2026-08-22,楽園大宮店,2676,SLOTドルアーガの塔,6466,-857,20,15,0,184.7,323.3,431.1,
2026-08-22,楽園大宮店,2695,ディスクアップ ULTRAREMIX,7040,3238,30,20,0,140.8,234.7,352.0,
2026-08-22,楽園大宮店,2696,ディスクアップ ULTRAREMIX,6841,619,23,17,0,171.0,297.4,402.4,
2026-08-22,楽園大宮店,2697,痛いのは嫌なので防御力に極振りしたいと思います。,4705,-2190,17,14,0,151.8,276.8,336.1,
2026-08-22,楽園大宮店,2698,痛いのは嫌なので防御力に極振りしたいと思います。,3867,-1714,15,11,0,148.7,257.8,351.5,
2026-08-22,楽園大宮店,2699,痛いのは嫌なので防御力に極振りしたいと思います。,5063,-1285,19,21,0,126.6,266.5,241.1,
2026-08-22,楽園大宮店,2700,東京リベンジャーズ,6968,-2190,0,15,29,158.4,,464.5,240.3
2026-08-22,楽園大宮店,2701,東京リベンジャーズ,6253,-4000,0,11,22,189.5,,568.5,284.2
2026-08-22,楽園大宮店,2702,東京リベンジャーズ,5368,-48,0,9,22,173.2,,596.4,244.0
2026-08-22,楽園大宮店,2703,無職転生 ～異世界行ったら本気だす～,4116,-1904,0,15,23,108.3,,274.4,179.0
2026-08-22,楽園大宮店,2704,無職転生 ～異世界行ったら本気だす～,6633,-3095,0,21,43,103.6,,315.9,154.3
2026-08-22,楽園大宮店,2705,無職転生 ～異世界行ったら本気だす～,5768,-3714,0,27,26,108.8,,213.6,221.8
2026-08-22,楽園大宮店,2706,ゴジラ対エヴァンゲリオン,4823,-1809,25,0,20,107.2,192.9,,241.2
2026-08-22,楽園大宮店,2707,回胴黙示録カイジ 狂宴,4538,5286,40,7,0,96.6,113.5,648.3,
2026-08-22,楽園大宮店,2708,戦姫絶唱シンフォギア 正義の歌,7595,1238,0,17,93,69.0,,446.8,81.7
2026-08-22,楽園大宮店,2709,GALFY,4945,-3666,6,12,0,274.7,824.2,412.1,
2026-08-22,楽園大宮店,2710,ケロット5,2370,-1238,7,4,0,215.5,338.6,592.5,
2026-08-22,楽園大宮店,2711,少女☆歌劇 レヴュースタァライト ‐The SLOT‐,5570,-1047,26,0,31,97.7,214.2,,179.7
2026-08-22,楽園大宮店,2712,乃木坂46,4916,-4523,0,8,24,153.6,,614.5,204.8
2026-08-22,楽園大宮店,2713,コードギアス 反逆のルルーシュ/復活のルルーシュ,5049,-1381,0,9,40,103.0,,561.0,126.2
2026-08-22,楽園大宮店,2714,新鬼武者3,6026,2858,0,10,59,87.3,,602.6,102.1
2026-08-22,楽園大宮店,2715,スマスロ真・北斗無双,5788,953,48,0,11,98.1,120.6,,526.2
2026-08-22,楽園大宮店,2716,タクトオーパス デスティニー,5752,-4428,0,18,18,159.8,,319.6,319.6
2026-08-22,楽園大宮店,2717,喰霊‐零‐Re,8344,2143,47,0,27,112.8,177.5,,309.0
2026-08-22,楽園大宮店,2718,喰霊‐零‐Re,8045,572,38,0,29,120.1,211.7,,277.4
2026-08-22,楽園大宮店,2719,喰霊‐零‐Re,7922,-3428,38,0,16,146.7,208.5,,495.1
2026-08-22,楽園大宮店,2720,喰霊‐零‐Re,8279,-142,37,0,40,107.5,223.8,,207.0
2026-08-22,楽園大宮店,2721,やじきた道中記参る！,7481,-2238,0,22,12,220.0,,340.0,623.4
2026-08-22,楽園大宮店,2722,やじきた道中記参る！,7381,-3809,0,22,10,230.7,,335.5,738.1
2026-08-22,楽園大宮店,2723,やじきた道中記参る！,5818,-2904,0,19,11,193.9,,306.2,528.9
2026-08-22,楽園大宮店,2724,やじきた道中記参る！,7425,-3666,0,24,8,232.0,,309.4,928.1
2026-08-22,楽園大宮店,2725,やじきた道中記参る！,9132,2429,0,27,13,228.3,,338.2,702.5
2026-08-22,楽園大宮店,2726,やじきた道中記参る！,7877,6762,0,27,20,167.6,,291.7,393.9
2026-08-22,楽園大宮店,2727,やじきた道中記参る！,6297,-1047,0,23,9,196.8,,273.8,699.7
2026-08-22,楽園大宮店,2728,やじきた道中記参る！,6730,-4142,0,22,9,217.1,,305.9,747.8
2026-08-22,楽園大宮店,2729,やじきた道中記参る！,7730,238,0,25,12,208.9,,309.2,644.2
2026-08-22,楽園大宮店,2730,やじきた道中記参る！,5903,3429,0,17,12,203.6,,347.2,491.9
2026-08-22,楽園大宮店,2731,やじきた道中記参る！,6326,-2190,0,15,10,253.0,,421.7,632.6
2026-08-22,楽園大宮店,2732,やじきた道中記参る！,9237,-4333,0,29,11,230.9,,318.5,839.7
2026-08-22,楽園大宮店,2733,東京喰種,5447,-1571,0,14,23,147.2,,389.1,236.8
2026-08-22,楽園大宮店,2734,東京喰種,7293,-666,0,16,29,162.1,,455.8,251.5
2026-08-22,楽園大宮店,2735,東京喰種,9234,7000,0,18,57,123.1,,513.0,162.0
2026-08-22,楽園大宮店,2736,東京喰種,5944,-3809,0,20,17,160.6,,297.2,349.6
2026-08-22,楽園大宮店,2737,東京喰種,6387,1143,0,17,40,112.1,,375.7,159.7
2026-08-22,楽園大宮店,2738,東京喰種,6994,-1095,0,20,33,132.0,,349.7,211.9
2026-08-22,楽園大宮店,2739,東京喰種,6832,-5095,0,17,22,175.2,,401.9,310.5
2026-08-22,楽園大宮店,2740,東京喰種,8187,4572,0,17,61,105.0,,481.6,134.2
2026-08-22,楽園大宮店,2741,東京喰種,5716,-952,0,21,23,129.9,,272.2,248.5
2026-08-22,楽園大宮店,2742,東京喰種,6601,6143,0,16,45,108.2,,412.6,146.7
2026-08-22,楽園大宮店,2743,東京喰種,6015,-3857,0,15,23,158.3,,401.0,261.5
2026-08-22,楽園大宮店,2744,東京喰種,7185,-5095,0,19,24,167.1,,378.2,299.4
2026-08-22,楽園大宮店,2745,東京喰種,6883,1143,0,13,25,181.1,,529.5,275.3
2026-08-22,楽園大宮店,2746,東京喰種,6425,-142,0,15,30,142.8,,428.3,214.2
2026-08-22,楽園大宮店,2747,東京喰種,8472,6286,0,13,61,114.5,,651.7,138.9
2026-08-22,楽園大宮店,2748,東京喰種,5937,-1476,0,17,26,138.1,,349.2,228.3
2026-08-22,楽園大宮店,2749,東京喰種,6440,-2809,0,21,20,157.1,,306.7,322.0
2026-08-22,楽園大宮店,2750,東京喰種,7036,-5095,0,25,15,175.9,,281.4,469.1
2026-08-22,楽園大宮店,2751,東京喰種,6750,5810,0,15,32,143.6,,450.0,210.9
2026-08-22,楽園大宮店,2752,東京喰種,6658,-3523,0,17,21,175.2,,391.6,317.0
2026-08-22,楽園大宮店,2753,東京喰種,6662,1905,0,16,30,144.8,,416.4,222.1
2026-08-22,楽園大宮店,2754,東京喰種,9019,3953,0,26,66,98.0,,346.9,136.7
2026-08-22,楽園大宮店,2755,東京喰種,7795,2429,0,14,46,129.9,,556.8,169.5
2026-08-22,楽園大宮店,2756,東京喰種,6484,-952,0,20,32,124.7,,324.2,202.6
2026-08-22,楽園大宮店,2757,東京喰種,7143,5238,0,12,44,127.6,,595.2,162.3
2026-08-22,楽園大宮店,2758,東京喰種,6766,-4619,0,21,22,157.3,,322.2,307.5
2026-08-22,楽園大宮店,2759,東京喰種,6845,-5095,0,16,17,207.4,,427.8,402.6
2026-08-22,楽園大宮店,2760,東京喰種,7525,2191,0,13,38,147.5,,578.8,198.0
2026-08-22,楽園大宮店,2761,東京喰種,6103,-4523,0,17,22,156.5,,359.0,277.4
2026-08-22,楽園大宮店,2762,東京喰種,6270,3572,0,14,41,114.0,,447.9,152.9
2026-08-22,楽園大宮店,2763,東京喰種,7814,858,0,23,45,114.9,,339.7,173.6
2026-08-22,楽園大宮店,2764,東京喰種,7357,3667,0,23,43,111.5,,319.9,171.1
2026-08-22,楽園大宮店,2765,東京喰種,7038,-428,0,19,39,121.3,,370.4,180.5
2026-08-22,楽園大宮店,2766,東京喰種,7193,2667,0,16,36,138.3,,449.6,199.8
2026-08-22,楽園大宮店,2767,東京喰種,8771,-2666,0,22,42,137.0,,398.7,208.8
2026-08-22,楽園大宮店,2768,東京喰種,6405,-4381,0,20,22,152.5,,320.2,291.1
2026-08-22,楽園大宮店,2769,東京喰種,7671,2286,0,22,34,137.0,,348.7,225.6
2026-08-22,楽園大宮店,2770,東京喰種,6539,1238,0,18,35,123.4,,363.3,186.8
2026-08-22,楽園大宮店,2771,東京喰種,7941,-5095,0,22,27,162.1,,361.0,294.1
2026-08-22,楽園大宮店,2772,東京喰種,8670,-2857,0,23,41,135.5,,377.0,211.5
2026-08-22,楽園大宮店,2773,東京喰種,7605,-1619,0,21,33,140.8,,362.1,230.5
2026-08-22,楽園大宮店,2774,東京喰種,6779,524,0,15,32,144.2,,451.9,211.8
2026-08-22,楽園大宮店,2775,東京喰種,7351,-4666,0,19,24,171.0,,386.9,306.3
2026-08-22,楽園大宮店,2776,東京喰種,8632,3858,0,21,51,119.9,,411.0,169.3
2026-08-22,楽園大宮店,2777,東京喰種,8214,-1476,0,25,43,120.8,,328.6,191.0
2026-08-22,楽園大宮店,2778,東京喰種,3549,-3142,0,11,10,169.0,,322.6,354.9
2026-08-22,楽園大宮店,2779,東京喰種,8327,96,0,22,28,166.5,,378.5,297.4
2026-08-22,楽園大宮店,2780,東京喰種,7727,-2571,0,17,35,148.6,,454.5,220.8
2026-08-22,楽園大宮店,2781,東京喰種,7644,-2381,0,21,38,129.6,,364.0,201.2
2026-08-22,楽園大宮店,2782,東京喰種,7209,-1095,0,18,31,147.1,,400.5,232.5
2026-08-22,楽園大宮店,2783,東京喰種,6628,-2095,0,25,30,120.5,,265.1,220.9
2026-08-22,楽園大宮店,2784,東京喰種,8136,-1666,0,25,36,133.4,,325.4,226.0
2026-08-22,楽園大宮店,2785,東京喰種,7453,-476,0,15,39,138.0,,496.9,191.1
2026-08-22,楽園大宮店,2786,東京喰種,8780,1572,0,18,51,127.2,,487.8,172.2
2026-08-22,楽園大宮店,2787,東京喰種,6639,-5047,0,22,18,166.0,,301.8,368.8
2026-08-22,楽園大宮店,2788,東京喰種,4712,1715,0,12,31,109.6,,392.7,152.0
2026-08-22,楽園大宮店,2789,東京喰種,8525,9810,0,22,59,105.2,,387.5,144.5
2026-08-22,楽園大宮店,2790,東京喰種,8908,6572,0,19,64,107.3,,468.8,139.2
2026-08-22,楽園大宮店,2791,東京喰種,7733,-95,0,21,34,140.6,,368.2,227.4
2026-08-22,楽園大宮店,2792,東京喰種,8111,-428,0,18,34,156.0,,450.6,238.6
2026-08-22,楽園大宮店,2793,東京喰種,7593,4143,0,15,49,118.6,,506.2,155.0
2026-08-22,楽園大宮店,2794,東京喰種,9715,-5095,0,28,23,190.5,,347.0,422.4
2026-08-22,楽園大宮店,2795,モンキーターンV,5756,-1952,0,13,35,119.9,,442.8,164.5
2026-08-22,楽園大宮店,2796,モンキーターンV,6687,3810,0,13,50,106.1,,514.4,133.7
2026-08-22,楽園大宮店,2797,モンキーターンV,5430,-3095,0,14,25,139.2,,387.9,217.2
2026-08-22,楽園大宮店,2798,モンキーターンV,6706,286,0,13,44,117.6,,515.8,152.4
2026-08-22,楽園大宮店,2799,モンキーターンV,5975,-2857,0,12,33,132.8,,497.9,181.1
2026-08-22,楽園大宮店,2800,モンキーターンV,9379,-4428,0,19,45,146.5,,493.6,208.4
2026-08-22,楽園大宮店,2801,モンキーターンV,4705,-4523,0,7,13,235.2,,672.1,361.9
2026-08-22,楽園大宮店,2802,モンキーターンV,6913,-1619,0,17,42,117.2,,406.6,164.6
2026-08-22,楽園大宮店,2803,モンキーターンV,7996,-1619,0,15,37,153.8,,533.1,216.1
2026-08-22,楽園大宮店,2804,モンキーターンV,7256,-1619,0,19,47,109.9,,381.9,154.4
2026-08-22,楽園大宮店,2805,モンキーターンV,6216,3096,0,10,45,113.0,,621.6,138.1
2026-08-22,楽園大宮店,2806,モンキーターンV,5180,-3381,0,12,22,152.4,,431.7,235.5
2026-08-22,楽園大宮店,2807,モンキーターンV,5366,-1571,0,11,33,122.0,,487.8,162.6
2026-08-22,楽園大宮店,2808,モンキーターンV,8673,3477,0,17,61,111.2,,510.2,142.2
2026-08-22,楽園大宮店,2809,モンキーターンV,6249,-1190,0,14,37,122.5,,446.4,168.9
2026-08-22,楽園大宮店,2810,モンキーターンV,6801,-1809,0,13,31,154.6,,523.2,219.4
2026-08-22,楽園大宮店,2811,モンキーターンV,7101,-48,0,15,42,124.6,,473.4,169.1
2026-08-22,楽園大宮店,2812,モンキーターンV,0,0,0,0,0,,,,
2026-08-22,楽園大宮店,2813,からくりサーカス2,6560,9381,0,13,69,80.0,,504.6,95.1
2026-08-22,楽園大宮店,2814,からくりサーカス2,7615,-5095,0,13,37,152.3,,585.8,205.8
2026-08-22,楽園大宮店,2815,からくりサーカス2,5737,-4333,0,7,25,179.3,,819.6,229.5
2026-08-22,楽園大宮店,2816,からくりサーカス2,6959,-2666,0,12,46,120.0,,579.9,151.3
2026-08-22,楽園大宮店,2817,からくりサーカス2,6284,-1952,0,14,40,116.4,,448.9,157.1
2026-08-22,楽園大宮店,2818,からくりサーカス2,7009,-2857,0,9,42,137.4,,778.8,166.9
2026-08-22,楽園大宮店,2819,からくりサーカス2,8464,-5095,0,17,43,141.1,,497.9,196.8
2026-08-22,楽園大宮店,2820,からくりサーカス2,5782,-1571,0,15,34,118.0,,385.5,170.1
2026-08-22,楽園大宮店,2821,沖ドキ!DUO アンコール,4386,5048,55,27,0,53.5,79.7,162.4,
2026-08-22,楽園大宮店,2822,沖ドキ!DUO アンコール,3874,10572,79,19,0,39.5,49.0,203.9,
2026-08-22,楽園大宮店,2823,沖ドキ!DUO アンコール,4260,11048,82,28,0,38.7,52.0,152.1,
2026-08-22,楽園大宮店,2824,沖ドキ!DUO アンコール,5849,-2095,39,20,0,99.1,150.0,292.4,
2026-08-22,楽園大宮店,2825,沖ドキ!DUO アンコール,5592,-857,41,22,0,88.8,136.4,254.2,
2026-08-22,楽園大宮店,2826,沖ドキ!BLACK,0,0,0,0,0,,,,
2026-08-22,楽園大宮店,2827,沖ドキ!BLACK,3258,3477,33,16,0,66.5,98.7,203.6,
2026-08-22,楽園大宮店,2828,沖ドキ!BLACK,4889,-3238,11,24,0,139.7,444.5,203.7,
2026-08-22,楽園大宮店,2829,沖ドキ!BLACK,4549,-3476,13,12,0,182.0,349.9,379.1,
2026-08-22,楽園大宮店,2830,沖ドキ!BLACK,3945,-3095,11,10,0,187.9,358.6,394.5,
2026-08-22,楽園大宮店,2831,沖ドキ!BLACK,1255,4858,29,6,0,35.9,43.3,209.2,
2026-08-22,楽園大宮店,2832,沖ドキ!BLACK,5265,191,34,15,0,107.4,154.9,351.0,
2026-08-22,楽園大宮店,2833,沖ドキ!BLACK,4018,-1238,19,12,0,129.6,211.5,334.8,
2026-08-22,楽園大宮店,2834,沖ドキ!BLACK,2519,8238,43,33,0,33.1,58.6,76.3,
2026-08-22,楽園大宮店,2835,沖ドキ!BLACK,3725,-2714,11,9,0,186.2,338.6,413.9,
2026-08-22,楽園大宮店,2836,沖ドキ!BLACK,5109,-2095,26,4,0,170.3,196.5,1277.2,
2026-08-22,楽園大宮店,2837,沖ドキ!BLACK,1359,2715,17,9,0,52.3,79.9,151.0,
2026-08-22,楽園大宮店,2838,沖ドキ!BLACK,4562,-4428,9,11,0,228.1,506.9,414.7,
2026-08-22,楽園大宮店,2839,沖ドキ!BLACK,2273,2762,23,16,0,58.3,98.8,142.1,
2026-08-22,楽園大宮店,2840,沖ドキ!BLACK,2633,762,19,11,0,87.8,138.6,239.4,
2026-08-22,楽園大宮店,2841,沖ドキ!BLACK,4551,-2714,16,11,0,168.6,284.4,413.7,
2026-08-22,楽園大宮店,2842,沖ドキ!GOLD‐30,3649,-1333,15,11,0,140.3,243.3,331.7,
2026-08-22,楽園大宮店,2843,沖ドキ!GOLD‐30,1909,-285,12,2,0,136.4,159.1,954.5,
2026-08-22,楽園大宮店,2844,沖ドキ!GOLD‐30,2927,-2190,8,8,0,182.9,365.9,365.9,
2026-08-22,楽園大宮店,2845,沖ドキ!GOLD‐30,2802,-666,15,6,0,133.4,186.8,467.0,
2026-08-22,楽園大宮店,2846,沖ドキ!GOLD‐30,3592,-1428,16,11,0,133.0,224.5,326.5,
2026-08-22,楽園大宮店,2847,沖ドキ!GOLD‐30,1611,2143,18,10,0,57.5,89.5,161.1,
2026-08-22,楽園大宮店,2848,沖ドキ!GOLD‐30,1961,1619,19,6,0,78.4,103.2,326.8,
2026-08-22,楽園大宮店,2849,沖ドキ!GOLD‐30,3712,-2809,10,11,0,176.8,371.2,337.5,
2026-08-22,楽園大宮店,2850,沖ドキ!GOLD‐30,6101,-3666,20,19,0,156.4,305.1,321.1,
2026-08-22,楽園大宮店,2851,ヤバチバ,3946,3810,19,9,0,140.9,207.7,438.4,
2026-08-22,楽園大宮店,2852,ヤバチバ,6042,-2571,19,13,0,188.8,318.0,464.8,
2026-08-22,楽園大宮店,2853,ヤバチバ,3663,2381,17,12,0,126.3,215.5,305.2,
2026-08-22,楽園大宮店,2854,ヤバチバ,5521,-5095,14,14,0,197.2,394.4,394.4,
2026-08-22,楽園大宮店,2855,ヤバチバ,6214,-1095,18,21,0,159.3,345.2,295.9,
2026-08-22,楽園大宮店,2856,L南国育ち SPECIAL,4285,-952,20,16,0,119.0,214.2,267.8,
2026-08-22,楽園大宮店,2857,L南国育ち SPECIAL,4354,-2190,18,8,0,167.5,241.9,544.2,
2026-08-22,楽園大宮店,2858,L南国育ち SPECIAL,4994,-3190,18,6,0,208.1,277.4,832.3,
2026-08-22,楽園大宮店,2859,L南国育ち SPECIAL,4080,429,27,11,0,107.4,151.1,370.9,
2026-08-22,楽園大宮店,2860,L南国育ち SPECIAL,3693,-2190,14,5,0,194.4,263.8,738.6,
2026-08-22,楽園大宮店,2861,スマート沖スロ ニューキングハナハナV,8196,2238,37,14,0,160.7,221.5,585.4,
2026-08-22,楽園大宮店,2862,スマート沖スロ ニューキングハナハナV,8104,-1000,21,27,0,168.8,385.9,300.1,
2026-08-22,楽園大宮店,2863,スマート沖スロ ニューキングハナハナV,5357,-523,17,13,0,178.6,315.1,412.1,
2026-08-22,楽園大宮店,2864,スマート沖スロ ニューキングハナハナV,4728,-1381,14,9,0,205.6,337.7,525.3,
2026-08-22,楽園大宮店,2865,スマート沖スロ ニューキングハナハナV,6888,762,28,12,0,172.2,246.0,574.0,
2026-08-22,楽園大宮店,2866,沖ドキ!ゴージャス 30Φ,4889,-3095,17,11,0,174.6,287.6,444.5,
2026-08-22,楽園大宮店,2867,沖ドキ!ゴージャス 30Φ,1974,191,12,8,0,98.7,164.5,246.8,
2026-08-22,楽園大宮店,2868,沖ドキ!ゴージャス 30Φ,6378,-3952,21,17,0,167.8,303.7,375.2,
2026-08-22,楽園大宮店,2869,沖ドキ!ゴージャス 30Φ,4117,-3523,10,9,0,216.7,411.7,457.4,
2026-08-22,楽園大宮店,2870,沖ドキ!ゴージャス 30Φ,5096,1477,36,22,0,87.9,141.6,231.6,
2026-08-22,楽園大宮店,2871,沖ドキ!ゴージャス 30Φ,5978,-5095,13,10,0,259.9,459.8,597.8,
2026-08-22,楽園大宮店,2872,沖ドキ!ゴージャス 30Φ,3386,1762,28,12,0,84.7,120.9,282.2,
2026-08-22,楽園大宮店,2873,沖ドキ!ゴージャス 30Φ,1488,4905,27,15,0,35.4,55.1,99.2,
2026-08-22,楽園大宮店,2874,沖ドキ!ゴージャス 30Φ,3874,334,24,14,0,101.9,161.4,276.7,
2026-08-22,楽園大宮店,2875,沖ドキ!ゴージャス 30Φ,4338,-2381,17,10,0,160.7,255.2,433.8,
2026-08-22,楽園大宮店,2876,沖ドキ!ゴージャス 30Φ,5929,-3285,22,16,0,156.0,269.5,370.6,
2026-08-22,楽園大宮店,2877,沖ドキ!ゴージャス 30Φ,4872,-95,31,13,0,110.7,157.2,374.8,
2026-08-22,楽園大宮店,2878,沖ドキ!BLACK,2649,1000,18,15,0,80.3,147.2,176.6,
2026-08-22,楽園大宮店,2879,沖ドキ!BLACK,5643,-3619,21,12,0,171.0,268.7,470.2,
2026-08-22,楽園大宮店,2880,沖ドキ!BLACK,5895,-3285,20,21,0,143.8,294.8,280.7,
2026-08-22,楽園大宮店,2881,沖ドキ!BLACK,4118,-1619,18,14,0,128.7,228.8,294.1,
2026-08-22,楽園大宮店,2882,沖ドキ!BLACK,3451,-857,17,11,0,123.2,203.0,313.7,
2026-08-22,楽園大宮店,2883,沖ドキ!BLACK,3928,-1095,19,14,0,119.0,206.7,280.6,
2026-08-22,楽園大宮店,2884,沖ドキ!BLACK,3638,-285,21,11,0,113.7,173.2,330.7,
2026-08-22,楽園大宮店,2885,沖ドキ!BLACK,2441,1667,22,8,0,81.4,111.0,305.1,
2026-08-22,楽園大宮店,2886,チバリヨ2,4022,-1619,19,12,0,129.7,211.7,335.2,
2026-08-22,楽園大宮店,2887,チバリヨ2,5528,-523,32,19,0,108.4,172.8,290.9,
2026-08-22,楽園大宮店,2888,チバリヨ2,4035,-4619,9,7,0,252.2,448.3,576.4,
2026-08-22,楽園大宮店,2889,チバリヨ2,2473,9667,51,12,0,39.3,48.5,206.1,
2026-08-22,楽園大宮店,2890,チバリヨ2,2788,3572,27,13,0,69.7,103.3,214.5,
2026-08-22,楽園大宮店,2891,チバリヨ2,2807,-2666,9,5,0,200.5,311.9,561.4,
2026-08-22,楽園大宮店,2892,チバリヨ2,3476,10000,54,17,0,49.0,64.4,204.5,
2026-08-22,楽園大宮店,2893,チバリヨ2,2149,-3047,3,2,0,429.8,716.3,1074.5,
2026-08-22,楽園大宮店,2894,チバリヨ2,1626,13143,55,17,0,22.6,29.6,95.6,
2026-08-22,楽園大宮店,2895,チバリヨ2,4394,524,29,13,0,104.6,151.5,338.0,
2026-08-22,楽園大宮店,2896,チバリヨ2,3281,-4523,5,5,0,328.1,656.2,656.2,
2026-08-22,楽園大宮店,2897,チバリヨ2,4278,-5095,7,7,0,305.6,611.1,611.1,
2026-08-22,楽園大宮店,2898,チバリヨ2,0,0,0,0,0,,,,
2026-08-22,楽園大宮店,2899,チバリヨ2,4226,334,27,18,0,93.9,156.5,234.8,
2026-08-22,楽園大宮店,2900,チバリヨ2,4958,-2619,22,16,0,130.5,225.4,309.9,
2026-08-22,楽園大宮店,2901,チバリヨ2,4583,-4619,12,7,0,241.2,381.9,654.7,
2026-08-22,楽園大宮店,2902,キングハナハナ-30,7272,905,30,13,0,169.1,242.4,559.4,
2026-08-22,楽園大宮店,2903,キングハナハナ-30,7649,619,29,20,0,156.1,263.8,382.4,
2026-08-22,楽園大宮店,2904,キングハナハナ-30,5438,-48,18,13,0,175.4,302.1,418.3,
2026-08-22,楽園大宮店,2905,キングハナハナ-30,5792,-1142,16,15,0,186.8,362.0,386.1,
2026-08-22,楽園大宮店,2906,キングハナハナ-30,7846,-238,25,22,0,166.9,313.8,356.6,
2026-08-22,楽園大宮店,2907,キングハナハナ-30,5396,-1381,16,8,0,224.8,337.2,674.5,
2026-08-22,楽園大宮店,2908,キングハナハナ-30,8357,-190,27,23,0,167.1,309.5,363.3,
2026-08-22,楽園大宮店,2909,キングハナハナ-30,5955,-190,22,12,0,175.1,270.7,496.2,
2026-08-22,楽園大宮店,2910,キングハナハナ-30,6687,-381,24,13,0,180.7,278.6,514.4,
2026-08-22,楽園大宮店,2911,キングハナハナ-30,6870,-333,23,20,0,159.8,298.7,343.5,
2026-08-22,楽園大宮店,2912,キングハナハナ-30,7134,-523,25,15,0,178.3,285.4,475.6,
2026-08-22,楽園大宮店,2913,キングハナハナ-30,0,0,0,0,0,,,,
2026-08-22,楽園大宮店,2926,沖ドキ!DUO アンコール,6592,-1952,49,17,0,99.9,134.5,387.8,
2026-08-22,楽園大宮店,2927,沖ドキ!DUO アンコール,6473,-3428,41,14,0,117.7,157.9,462.4,
2026-08-22,楽園大宮店,2928,沖ドキ!DUO アンコール,6769,-3047,42,20,0,109.2,161.2,338.4,
2026-08-22,楽園大宮店,2929,沖ドキ!DUO アンコール,4687,-2428,24,20,0,106.5,195.3,234.3,
2026-08-22,楽園大宮店,2930,沖ドキ!DUO アンコール,4483,7572,69,23,0,48.7,65.0,194.9,
2026-08-22,楽園大宮店,2931,沖ドキ!DUO アンコール,5435,-4238,24,20,0,123.5,226.5,271.8,
2026-08-22,楽園大宮店,2932,沖ドキ!DUO アンコール,4517,3381,49,25,0,61.0,92.2,180.7,
2026-08-22,楽園大宮店,2933,沖ドキ!DUO アンコール,5130,5143,64,26,0,57.0,80.2,197.3,
2026-08-22,楽園大宮店,2934,沖ドキ!DUO アンコール,5032,-3428,28,15,0,117.0,179.7,335.5,
2026-08-22,楽園大宮店,2935,沖ドキ!DUO アンコール,4007,5715,54,27,0,49.5,74.2,148.4,
2026-08-22,楽園大宮店,2936,沖ドキ!DUO アンコール,4130,-285,34,12,0,89.8,121.5,344.2,
2026-08-22,楽園大宮店,3001,うみねこのなく頃に2,7759,1524,19,15,0,228.2,408.4,517.3,
2026-08-22,楽園大宮店,3002,うみねこのなく頃に2,6728,905,18,14,0,210.2,373.8,480.6,
2026-08-22,楽園大宮店,3003,うみねこのなく頃に2,6301,2000,21,14,0,180.0,300.0,450.1,
2026-08-22,楽園大宮店,3004,不二子BT,3546,-1333,18,7,0,141.8,197.0,506.6,
2026-08-22,楽園大宮店,3005,不二子BT,6403,-857,40,16,0,114.3,160.1,400.2,
2026-08-22,楽園大宮店,3006,不二子BT,2982,-1523,14,5,0,156.9,213.0,596.4,
2026-08-22,楽園大宮店,3007,A‐SLOT+ 異世界かるてっと,6936,-1619,33,22,0,126.1,210.2,315.3,
2026-08-22,楽園大宮店,3008,A‐SLOT+ 異世界かるてっと,3971,-2047,13,13,0,152.7,305.5,305.5,
2026-08-22,楽園大宮店,3009,A‐SLOT+ 異世界かるてっと,7509,2191,47,36,0,90.5,159.8,208.6,
2026-08-22,楽園大宮店,3010,A‐SLOT+ 異世界かるてっと,7340,96,40,30,0,104.9,183.5,244.7,
2026-08-22,楽園大宮店,3011,アレックス ブライト,7607,2238,30,21,0,149.2,253.6,362.2,
2026-08-22,楽園大宮店,3012,アレックス ブライト,6832,2953,32,11,0,158.9,213.5,621.1,
2026-08-22,楽園大宮店,3013,アレックス ブライト,6244,-2619,16,7,0,271.5,390.2,892.0,
2026-08-22,楽園大宮店,3014,アレックス ブライト,7499,-523,23,14,0,202.7,326.0,535.6,
2026-08-22,楽園大宮店,3015,ヱヴァンゲリヲン ～約束の扉～,8463,572,31,15,0,184.0,273.0,564.2,
2026-08-22,楽園大宮店,3016,ヱヴァンゲリヲン ～約束の扉～,4989,-2190,11,10,0,237.6,453.5,498.9,
2026-08-22,楽園大宮店,3017,鉄拳6,3446,8667,38,49,10,35.5,90.7,70.3,344.6
2026-08-22,楽園大宮店,3018,鉄拳6,1797,2667,14,17,3,52.9,128.4,105.7,599.0
2026-08-22,楽園大宮店,3019,鉄拳6,4060,-3428,14,12,10,112.8,290.0,338.3,406.0
2026-08-22,楽園大宮店,3020,鉄拳6,2381,-1142,15,11,6,74.4,158.7,216.5,396.8
2026-08-22,楽園大宮店,3021,鉄拳6,2873,-1571,17,9,6,89.8,169.0,319.2,478.8
2026-08-22,楽園大宮店,3022,鉄拳6,4398,-3190,22,13,10,97.7,199.9,338.3,439.8
2026-08-22,楽園大宮店,3023,スーパーブラックジャック,6566,5286,0,6,85,72.2,,1094.3,77.2
2026-08-22,楽園大宮店,3024,スーパーブラックジャック,5395,3524,0,5,54,91.4,,1079.0,99.9
2026-08-22,楽園大宮店,3025,スーパーブラックジャック,6958,-5095,0,15,27,165.7,,463.9,257.7
2026-08-22,楽園大宮店,3026,スーパーブラックジャック,4320,143,0,5,45,86.4,,864.0,96.0
2026-08-22,楽園大宮店,3027,スーパーブラックジャック,5649,572,0,9,58,84.3,,627.7,97.4
2026-08-22,楽園大宮店,3028,スーパーブラックジャック,4418,143,0,6,40,96.0,,736.3,110.5
2026-08-22,楽園大宮店,3029,スーパーブラックジャック,3658,-2809,0,1,19,182.9,,3658.0,192.5
2026-08-22,楽園大宮店,3030,スーパーブラックジャック,6825,-666,0,7,62,98.9,,975.0,110.1
2026-08-22,楽園大宮店,3031,戦国コレクション6,7375,5715,0,12,39,144.6,,614.6,189.1
2026-08-22,楽園大宮店,3032,戦国コレクション6,7474,-1809,0,15,32,159.0,,498.3,233.6
2026-08-22,楽園大宮店,3033,戦国コレクション6,7215,-142,0,16,36,138.8,,450.9,200.4
2026-08-22,楽園大宮店,3034,戦国コレクション6,5967,-3523,0,10,20,198.9,,596.7,298.4
2026-08-22,楽園大宮店,3035,戦国コレクション6,9293,1715,0,15,42,163.0,,619.5,221.3
2026-08-22,楽園大宮店,3036,戦国コレクション6,7347,-3523,0,13,29,174.9,,565.2,253.3
2026-08-22,楽園大宮店,3037,戦国コレクション6,6415,-2047,0,10,26,178.2,,641.5,246.7
2026-08-22,楽園大宮店,3038,戦国乙女4 戦乱に閃く炯眼の軍師,3282,-1000,13,0,10,142.7,252.5,,328.2
2026-08-22,楽園大宮店,3039,戦国乙女4 戦乱に閃く炯眼の軍師,5636,3096,28,0,17,125.2,201.3,,331.5
2026-08-22,楽園大宮店,3040,戦国乙女4 戦乱に閃く炯眼の軍師,6212,-952,31,0,16,132.2,200.4,,388.2
2026-08-22,楽園大宮店,3041,戦国乙女4 戦乱に閃く炯眼の軍師,4113,-3904,13,0,9,187.0,316.4,,457.0
2026-08-22,楽園大宮店,3042,戦国乙女4 戦乱に閃く炯眼の軍師,4605,1477,18,0,14,143.9,255.8,,328.9
2026-08-22,楽園大宮店,3043,戦国乙女4 戦乱に閃く炯眼の軍師,5604,6429,25,0,29,103.8,224.2,,193.2
2026-08-22,楽園大宮店,3044,戦国乙女4 戦乱に閃く炯眼の軍師,5783,-3571,24,0,11,165.2,241.0,,525.7
2026-08-22,楽園大宮店,3045,戦国乙女4 戦乱に閃く炯眼の軍師,5462,-1809,22,0,14,151.7,248.3,,390.1
2026-08-22,楽園大宮店,3046,戦国乙女4 戦乱に閃く炯眼の軍師,7693,3524,43,0,27,109.9,178.9,,284.9
2026-08-22,楽園大宮店,3047,戦国乙女4 戦乱に閃く炯眼の軍師,6592,-2142,29,0,14,153.3,227.3,,470.9
2026-08-22,楽園大宮店,3048,戦国乙女4 戦乱に閃く炯眼の軍師,6264,-5095,25,0,8,189.8,250.6,,783.0
2026-08-22,楽園大宮店,3049,戦国乙女5 業火を穿つ宿焔の双刃,7957,334,0,18,51,115.3,,442.1,156.0
2026-08-22,楽園大宮店,3050,戦国乙女5 業火を穿つ宿焔の双刃,6879,-5095,0,3,30,208.5,,2293.0,229.3
2026-08-22,楽園大宮店,3051,戦国乙女5 業火を穿つ宿焔の双刃,8266,-1476,0,16,53,119.8,,516.6,156.0
2026-08-22,楽園大宮店,3052,戦国乙女5 業火を穿つ宿焔の双刃,6950,-5095,0,5,32,187.8,,1390.0,217.2
2026-08-22,楽園大宮店,3053,戦国乙女5 業火を穿つ宿焔の双刃,8387,9762,0,24,75,84.7,,349.5,111.8
2026-08-22,楽園大宮店,3054,戦国乙女5 業火を穿つ宿焔の双刃,8546,-1666,0,16,55,120.4,,534.1,155.4
2026-08-22,楽園大宮店,3055,戦国乙女5 業火を穿つ宿焔の双刃,7572,-3952,0,8,34,180.3,,946.5,222.7
2026-08-22,楽園大宮店,3056,戦国乙女5 業火を穿つ宿焔の双刃,8001,-3619,0,12,43,145.5,,666.8,186.1
2026-08-22,楽園大宮店,3057,戦国乙女5 業火を穿つ宿焔の双刃,7521,-2714,0,13,44,131.9,,578.5,170.9
2026-08-22,楽園大宮店,3058,戦国乙女5 業火を穿つ宿焔の双刃,6109,-2523,0,9,36,135.8,,678.8,169.7
2026-08-22,楽園大宮店,3059,戦国乙女5 業火を穿つ宿焔の双刃,9333,-1904,0,23,63,108.5,,405.8,148.1
2026-08-22,楽園大宮店,3060,戦国乙女5 業火を穿つ宿焔の双刃,4446,-3428,0,6,21,164.7,,741.0,211.7
2026-08-22,楽園大宮店,3061,戦国乙女5 業火を穿つ宿焔の双刃,8346,-5095,0,8,34,198.7,,1043.2,245.5
2026-08-22,楽園大宮店,3062,戦国乙女5 業火を穿つ宿焔の双刃,5702,-4333,0,8,23,183.9,,712.8,247.9
2026-08-22,楽園大宮店,3063,戦国乙女5 業火を穿つ宿焔の双刃,8735,3619,0,23,67,97.1,,379.8,130.4
2026-08-22,楽園大宮店,3064,戦国乙女5 業火を穿つ宿焔の双刃,5082,-3000,0,9,31,127.0,,564.7,163.9
2026-08-22,楽園大宮店,3065,戦国乙女5 業火を穿つ宿焔の双刃,7477,-95,0,14,35,152.6,,534.1,213.6
2026-08-22,楽園大宮店,3066,戦国乙女5 業火を穿つ宿焔の双刃,9217,-3142,0,16,49,141.8,,576.1,188.1
2026-08-22,楽園大宮店,3067,戦国乙女5 業火を穿つ宿焔の双刃,7740,1477,0,18,60,99.2,,430.0,129.0
2026-08-22,楽園大宮店,3068,戦国乙女5 業火を穿つ宿焔の双刃,7281,2858,0,22,64,84.7,,331.0,113.8
2026-08-22,楽園大宮店,3069,戦国乙女5 業火を穿つ宿焔の双刃,7156,5334,0,20,60,89.5,,357.8,119.3
2026-08-22,楽園大宮店,3070,戦国乙女5 業火を穿つ宿焔の双刃,7810,5238,0,28,69,80.5,,278.9,113.2
2026-08-22,楽園大宮店,3071,戦国乙女5 業火を穿つ宿焔の双刃,5903,-5095,0,3,22,236.1,,1967.7,268.3
2026-08-22,楽園大宮店,3072,戦国乙女5 業火を穿つ宿焔の双刃,8121,905,0,20,59,102.8,,406.1,137.6
2026-08-22,楽園大宮店,3073,戦国乙女5 業火を穿つ宿焔の双刃,6031,-5095,0,5,24,208.0,,1206.2,251.3
2026-08-22,楽園大宮店,3074,戦国乙女5 業火を穿つ宿焔の双刃,9400,3048,0,19,61,117.5,,494.7,154.1
2026-08-22,楽園大宮店,3075,戦国乙女5 業火を穿つ宿焔の双刃,7007,-5095,0,4,18,318.5,,1751.8,389.3
2026-08-22,楽園大宮店,3076,戦国乙女5 業火を穿つ宿焔の双刃,7125,4096,0,17,46,113.1,,419.1,154.9
2026-08-22,楽園大宮店,3077,戦国乙女5 業火を穿つ宿焔の双刃,7411,96,0,18,55,101.5,,411.7,134.7
2026-08-22,楽園大宮店,3078,戦国乙女5 業火を穿つ宿焔の双刃,9099,-1904,0,18,53,128.2,,505.5,171.7
2026-08-22,楽園大宮店,3079,戦国乙女5 業火を穿つ宿焔の双刃,8735,2715,0,19,56,116.5,,459.7,156.0
2026-08-22,楽園大宮店,3080,甲鉄城のカバネリ 海門(うなと)決戦,8718,-3142,0,18,50,128.2,,484.3,174.4
2026-08-22,楽園大宮店,3081,甲鉄城のカバネリ 海門(うなと)決戦,8531,4238,0,14,69,102.8,,609.4,123.6
2026-08-22,楽園大宮店,3082,甲鉄城のカバネリ 海門(うなと)決戦,8296,-2714,0,22,46,122.0,,377.1,180.3
2026-08-22,楽園大宮店,3083,甲鉄城のカバネリ 海門(うなと)決戦,7629,-571,0,17,53,109.0,,448.8,143.9
2026-08-22,楽園大宮店,3084,甲鉄城のカバネリ 海門(うなと)決戦,7687,-2857,0,23,44,114.7,,334.2,174.7
2026-08-22,楽園大宮店,3085,甲鉄城のカバネリ 海門(うなと)決戦,6359,3810,0,19,60,80.5,,334.7,106.0
2026-08-22,楽園大宮店,3086,甲鉄城のカバネリ 海門(うなと)決戦,8592,1286,0,23,66,96.5,,373.6,130.2
2026-08-22,楽園大宮店,3087,甲鉄城のカバネリ 海門(うなと)決戦,6443,1238,0,14,48,103.9,,460.2,134.2
2026-08-22,楽園大宮店,3088,甲鉄城のカバネリ 海門(うなと)決戦,8969,1524,0,22,66,101.9,,407.7,135.9
2026-08-22,楽園大宮店,3089,甲鉄城のカバネリ 海門(うなと)決戦,8759,3524,0,16,76,95.2,,547.4,115.2
2026-08-22,楽園大宮店,3090,甲鉄城のカバネリ 海門(うなと)決戦,6556,524,0,14,45,111.1,,468.3,145.7
2026-08-22,楽園大宮店,3091,甲鉄城のカバネリ 海門(うなと)決戦,7774,8000,0,16,82,79.3,,485.9,94.8
2026-08-22,楽園大宮店,3092,甲鉄城のカバネリ 海門(うなと)決戦,8185,-2095,0,22,49,115.3,,372.0,167.0
2026-08-22,楽園大宮店,3093,甲鉄城のカバネリ 海門(うなと)決戦,8522,1619,0,20,65,100.3,,426.1,131.1
2026-08-22,楽園大宮店,3094,甲鉄城のカバネリ 海門(うなと)決戦,8794,3429,0,18,76,93.6,,488.6,115.7
2026-08-22,楽園大宮店,3095,甲鉄城のカバネリ 海門(うなと)決戦,7899,-4142,0,25,39,123.4,,316.0,202.5
2026-08-22,楽園大宮店,3096,甲鉄城のカバネリ 海門(うなと)決戦,10033,-1333,0,21,67,114.0,,477.8,149.7
2026-08-22,楽園大宮店,3097,甲鉄城のカバネリ 海門(うなと)決戦,8265,5953,0,18,73,90.8,,459.2,113.2
2026-08-22,楽園大宮店,3098,甲鉄城のカバネリ 海門(うなと)決戦,8127,1143,0,21,58,102.9,,387.0,140.1
2026-08-22,楽園大宮店,3099,甲鉄城のカバネリ 海門(うなと)決戦,6884,-714,0,20,49,99.8,,344.2,140.5
2026-08-22,楽園大宮店,3100,甲鉄城のカバネリ 海門(うなと)決戦,8263,-2476,0,22,48,118.0,,375.6,172.1
2026-08-22,楽園大宮店,3101,甲鉄城のカバネリ 海門(うなと)決戦,7032,6667,0,13,67,87.9,,540.9,105.0
2026-08-22,楽園大宮店,3102,甲鉄城のカバネリ 海門(うなと)決戦,5462,-1571,0,16,31,116.2,,341.4,176.2
2026-08-22,楽園大宮店,3103,甲鉄城のカバネリ 海門(うなと)決戦,5464,2715,0,11,42,103.1,,496.7,130.1
2026-08-22,楽園大宮店,3104,甲鉄城のカバネリ 海門(うなと)決戦,8011,2572,0,18,66,95.4,,445.1,121.4
2026-08-22,楽園大宮店,3105,甲鉄城のカバネリ 海門(うなと)決戦,9610,10238,0,12,90,94.2,,800.8,106.8
2026-08-22,楽園大宮店,3106,甲鉄城のカバネリ 海門(うなと)決戦,4321,-3571,0,15,17,135.0,,288.1,254.2
2026-08-22,楽園大宮店,3107,甲鉄城のカバネリ 海門(うなと)決戦,8070,1619,0,23,65,91.7,,350.9,124.2
2026-08-22,楽園大宮店,3108,甲鉄城のカバネリ 海門(うなと)決戦,9160,429,0,20,62,111.7,,458.0,147.7
2026-08-22,楽園大宮店,3109,甲鉄城のカバネリ 海門(うなと)決戦,5836,-2904,0,16,27,135.7,,364.8,216.1
2026-08-22,楽園大宮店,3110,甲鉄城のカバネリ 海門(うなと)決戦,7986,1000,0,21,59,99.8,,380.3,135.4
2026-08-22,楽園大宮店,3111,甲鉄城のカバネリ 海門(うなと)決戦,6840,-1047,0,17,43,114.0,,402.4,159.1
2026-08-22,楽園大宮店,3112,甲鉄城のカバネリ 海門(うなと)決戦,7845,-1762,0,17,44,128.6,,461.5,178.3
2026-08-22,楽園大宮店,3113,甲鉄城のカバネリ 海門(うなと)決戦,7497,-809,0,21,50,105.6,,357.0,149.9
2026-08-22,楽園大宮店,3114,化物語,8692,-2381,0,25,51,114.4,,347.7,170.4
2026-08-22,楽園大宮店,3115,化物語,5527,-381,0,23,32,100.5,,240.3,172.7
2026-08-22,楽園大宮店,3116,化物語,5539,-1047,0,14,29,128.8,,395.6,191.0
2026-08-22,楽園大宮店,3117,化物語,6784,5048,0,18,52,96.9,,376.9,130.5
2026-08-22,楽園大宮店,3118,化物語,6204,-2142,0,16,30,134.9,,387.8,206.8
2026-08-22,楽園大宮店,3119,化物語,4009,-3238,0,9,17,154.2,,445.4,235.8
2026-08-22,楽園大宮店,3120,化物語,4878,-1428,0,17,26,113.4,,286.9,187.6
2026-08-22,楽園大宮店,3121,化物語,7623,2715,0,24,58,93.0,,317.6,131.4
2026-08-22,楽園大宮店,3122,化物語,6211,-428,0,11,35,135.0,,564.6,177.5
2026-08-22,楽園大宮店,3123,化物語,4125,-1666,0,10,22,128.9,,412.5,187.5
2026-08-22,楽園大宮店,3124,化物語,3476,-1904,0,6,12,193.1,,579.3,289.7
2026-08-22,楽園大宮店,3125,化物語,6694,-381,0,16,42,115.4,,418.4,159.4
2026-08-22,楽園大宮店,3126,化物語,7461,-3523,0,18,33,146.3,,414.5,226.1
2026-08-22,楽園大宮店,3127,化物語,5458,-904,0,10,28,143.6,,545.8,194.9
2026-08-22,楽園大宮店,3128,化物語,7457,1429,0,15,47,120.3,,497.1,158.7
2026-08-22,楽園大宮店,3129,化物語,4575,2381,0,7,35,108.9,,653.6,130.7
2026-08-22,楽園大宮店,3130,化物語,6251,-714,0,21,35,111.6,,297.7,178.6
2026-08-22,楽園大宮店,3131,甲鉄城のカバネリ 海門(うなと)決戦,8555,3000,0,23,73,89.1,,372.0,117.2
2026-08-22,楽園大宮店,3132,甲鉄城のカバネリ 海門(うなと)決戦,6952,334,0,20,49,100.8,,347.6,141.9
2026-08-22,楽園大宮店,3133,甲鉄城のカバネリ 海門(うなと)決戦,9753,191,0,21,68,109.6,,464.4,143.4
2026-08-22,楽園大宮店,3134,甲鉄城のカバネリ 海門(うなと)決戦,5888,-5095,0,16,21,159.1,,368.0,280.4
2026-08-22,楽園大宮店,3135,甲鉄城のカバネリ 海門(うなと)決戦,8521,-2333,0,25,50,113.6,,340.8,170.4
2026-08-22,楽園大宮店,3136,甲鉄城のカバネリ 海門(うなと)決戦,7893,-2809,0,18,43,129.4,,438.5,183.6
2026-08-22,楽園大宮店,3137,甲鉄城のカバネリ 海門(うなと)決戦,6524,-1381,0,22,39,107.0,,296.5,167.3
2026-08-22,楽園大宮店,3138,甲鉄城のカバネリ 海門(うなと)決戦,8585,5429,0,27,64,94.3,,318.0,134.1
2026-08-22,楽園大宮店,3139,甲鉄城のカバネリ 海門(うなと)決戦,7732,-809,0,17,51,113.7,,454.8,151.6
2026-08-22,楽園大宮店,3140,甲鉄城のカバネリ 海門(うなと)決戦,8815,6286,0,17,74,96.9,,518.5,119.1
2026-08-22,楽園大宮店,3141,甲鉄城のカバネリ 海門(うなと)決戦,9076,1477,0,17,57,122.6,,533.9,159.2
2026-08-22,楽園大宮店,3142,甲鉄城のカバネリ 海門(うなと)決戦,8510,-48,0,20,60,106.4,,425.5,141.8
2026-08-22,楽園大宮店,3143,甲鉄城のカバネリ 海門(うなと)決戦,3759,-1381,0,10,21,121.3,,375.9,179.0
2026-08-22,楽園大宮店,3144,甲鉄城のカバネリ 海門(うなと)決戦,8566,1096,0,22,56,109.8,,389.4,153.0
2026-08-22,楽園大宮店,3145,いざ！番長,3822,-2428,0,5,16,182.0,,764.4,238.9
2026-08-22,楽園大宮店,3146,いざ！番長,8176,4048,0,26,54,102.2,,314.5,151.4
2026-08-22,楽園大宮店,3147,いざ！番長,5751,1953,0,14,33,122.4,,410.8,174.3
2026-08-22,楽園大宮店,3148,いざ！番長,4430,-2523,0,6,22,158.2,,738.3,201.4
2026-08-22,楽園大宮店,3149,いざ！番長,3751,-1571,0,9,17,144.3,,416.8,220.6
2026-08-22,楽園大宮店,3150,いざ！番長,3507,-3142,0,3,13,219.2,,1169.0,269.8
2026-08-22,楽園大宮店,3151,いざ！番長,5257,-3000,0,6,28,154.6,,876.2,187.8
2026-08-22,楽園大宮店,3152,いざ！番長,2046,2191,0,8,19,75.8,,255.8,107.7
2026-08-22,楽園大宮店,3153,いざ！番長,3016,-2619,0,4,9,232.0,,754.0,335.1
2026-08-22,楽園大宮店,3154,いざ！番長,5879,-1619,0,15,31,127.8,,391.9,189.6
2026-08-22,楽園大宮店,3155,いざ！番長,6858,-857,0,17,42,116.2,,403.4,163.3
2026-08-22,楽園大宮店,3156,ゴッドイーター リザレクション,8312,2619,0,14,77,91.3,,593.7,107.9
2026-08-22,楽園大宮店,3157,ゴッドイーター リザレクション,5329,-3000,0,10,30,133.2,,532.9,177.6
2026-08-22,楽園大宮店,3158,ゴッドイーター リザレクション,7758,-809,0,20,65,91.3,,387.9,119.4
2026-08-22,楽園大宮店,3159,ゴッドイーター リザレクション,7311,1429,0,16,63,92.5,,456.9,116.0
2026-08-22,楽園大宮店,3160,ゴッドイーター リザレクション,6229,-2666,0,12,40,119.8,,519.1,155.7
2026-08-22,楽園大宮店,3161,ドッチ,6180,-1190,41,16,0,108.4,150.7,386.2,
2026-08-22,楽園大宮店,3162,ドッチ,5382,667,50,11,0,88.2,107.6,489.3,
2026-08-22,楽園大宮店,3163,ドッチ,4636,334,37,13,0,92.7,125.3,356.6,
2026-08-22,楽園大宮店,3164,ドッチ,3479,-95,32,10,0,82.8,108.7,347.9,
2026-08-22,楽園大宮店,3165,主役は銭形5,5442,572,0,7,25,170.1,,777.4,217.7
2026-08-22,楽園大宮店,3166,主役は銭形5,5857,-5000,0,9,21,195.2,,650.8,278.9
2026-08-22,楽園大宮店,3167,主役は銭形5,6167,-4285,0,9,23,192.7,,685.2,268.1
2026-08-22,楽園大宮店,3168,主役は銭形5,6012,-5095,0,12,20,187.9,,501.0,300.6
2026-08-22,楽園大宮店,3169,モンスターハンターライズ,6378,-2809,0,15,40,116.0,,425.2,159.4
2026-08-22,楽園大宮店,3170,モンスターハンターライズ,10319,-5095,0,26,50,135.8,,396.9,206.4
2026-08-22,楽園大宮店,3171,モンスターハンターライズ,7671,-1333,0,18,50,112.8,,426.2,153.4
2026-08-22,楽園大宮店,3172,モンスターハンターライズ,7737,1143,0,15,69,92.1,,515.8,112.1
2026-08-22,楽園大宮店,3173,モンスターハンターライズ,7730,-4857,0,12,41,145.8,,644.2,188.5
2026-08-22,楽園大宮店,3174,モンスターハンターライズ,8370,858,0,16,66,102.1,,523.1,126.8
2026-08-22,楽園大宮店,3175,モンスターハンターライズ,8734,905,0,16,65,107.8,,545.9,134.4
2026-08-22,楽園大宮店,3176,スーパーリオエース2,7647,8096,0,46,64,69.5,,166.2,119.5
2026-08-22,楽園大宮店,3177,スーパーリオエース2,5108,-142,0,18,31,104.2,,283.8,164.8
2026-08-22,楽園大宮店,3178,スーパーリオエース2,4148,-619,0,15,26,101.2,,276.5,159.5
2026-08-22,楽園大宮店,3179,スーパーリオエース2,5348,-142,0,22,30,102.8,,243.1,178.3
2026-08-22,楽園大宮店,3180,スーパーリオエース2,6117,1477,0,26,41,91.3,,235.3,149.2
2026-08-22,楽園大宮店,3181,スーパーリオエース2,7037,4286,0,33,55,80.0,,213.2,127.9
2026-08-22,楽園大宮店,3182,スーパーリオエース2,6070,4810,0,36,48,72.3,,168.6,126.5
2026-08-22,楽園大宮店,3183,スーパーリオエース2,5525,-2762,0,16,27,128.5,,345.3,204.6
2026-08-22,楽園大宮店,3184,スーパーリオエース2,6466,2191,0,27,55,78.9,,239.5,117.6
2026-08-22,楽園大宮店,3185,スーパーリオエース2,4971,-666,0,13,27,124.3,,382.4,184.1
2026-08-22,楽園大宮店,3186,スーパーリオエース2,6512,-3952,0,18,37,118.4,,361.8,176.0
2026-08-22,楽園大宮店,3187,タクトオーパス デスティニー,6578,-1095,0,25,27,126.5,,263.1,243.6
2026-08-22,楽園大宮店,3188,タクトオーパス デスティニー,4715,-1619,0,22,16,124.1,,214.3,294.7
2026-08-22,楽園大宮店,3189,タクトオーパス デスティニー,6236,5858,0,14,26,155.9,,445.4,239.8
2026-08-22,楽園大宮店,3190,虚構推理,8434,-1904,0,12,49,138.3,,702.8,172.1
2026-08-22,楽園大宮店,3191,虚構推理,5771,667,0,11,39,115.4,,524.6,148.0
2026-08-22,楽園大宮店,3192,虚構推理,5813,2143,0,20,47,86.8,,290.6,123.7
2026-08-22,楽園大宮店,3193,ToLOVEるダークネス,4318,12905,50,0,17,64.4,86.4,,254.0
2026-08-22,楽園大宮店,3194,ToLOVEるダークネス,5150,2048,37,0,17,95.4,139.2,,302.9
2026-08-22,楽園大宮店,3195,ToLOVEるダークネス,6351,-2476,36,0,15,124.5,176.4,,423.4
2026-08-22,楽園大宮店,3196,ワールドダイスター,7836,-4333,0,45,20,120.6,,174.1,391.8
2026-08-22,楽園大宮店,3197,ワールドダイスター,6615,3191,0,45,21,100.2,,147.0,315.0
2026-08-22,楽園大宮店,3198,ワールドダイスター,6575,-3952,0,37,17,121.8,,177.7,386.8
2026-08-22,楽園大宮店,3199,ワールドダイスター,7101,-3904,0,38,20,122.4,,186.9,355.1
2026-08-22,楽園大宮店,3200,ワールドダイスター,8272,-3904,0,51,22,113.3,,162.2,376.0
2026-08-22,楽園大宮店,3201,ワールドダイスター,7906,2143,0,46,19,121.6,,171.9,416.1
2026-08-22,楽園大宮店,3202,アズールレーン THE ANIMATION,3981,1572,0,11,15,153.1,,361.9,265.4
2026-08-22,楽園大宮店,3203,アズールレーン THE ANIMATION,0,0,0,0,0,,,,
2026-08-22,楽園大宮店,3204,アズールレーン THE ANIMATION,6278,-3476,0,25,25,125.6,,251.1,251.1
2026-08-22,楽園大宮店,3205,ヨルムンガンド,4421,-48,0,7,12,232.7,,631.6,368.4
2026-08-22,楽園大宮店,3206,ヨルムンガンド,6370,1524,0,8,16,265.4,,796.2,398.1
2026-08-22,楽園大宮店,3207,ヨルムンガンド,6526,-95,0,7,17,271.9,,932.3,383.9
2026-08-22,楽園大宮店,3208,ラブ嬢3～Wご指名はいかがですか?～,7009,-1904,0,17,29,152.4,,412.3,241.7
2026-08-22,楽園大宮店,3209,ラブ嬢3～Wご指名はいかがですか?～,5340,-2714,0,13,20,161.8,,410.8,267.0
2026-08-22,楽園大宮店,3210,邪神ちゃんドロップキック,8824,-4762,0,8,25,267.4,,1103.0,353.0
2026-08-22,楽園大宮店,3211,邪神ちゃんドロップキック,7979,-2381,0,11,27,210.0,,725.4,295.5
2026-08-22,楽園大宮店,3212,邪神ちゃんドロップキック,7953,1286,0,13,30,185.0,,611.8,265.1
2026-08-22,楽園大宮店,3213,邪神ちゃんドロップキック,8531,-3285,0,12,29,208.1,,710.9,294.2
2026-08-22,楽園大宮店,3214,邪神ちゃんドロップキック,8160,-2238,0,12,25,220.5,,680.0,326.4
2026-08-22,楽園大宮店,3215,邪神ちゃんドロップキック,5325,-2047,0,7,16,231.5,,760.7,332.8
2026-08-22,楽園大宮店,3216,邪神ちゃんドロップキック,7990,-4904,0,10,23,242.1,,799.0,347.4
2026-08-22,楽園大宮店,3217,邪神ちゃんドロップキック,9535,-3619,0,15,27,227.0,,635.7,353.1
2026-08-22,楽園大宮店,3218,ToLOVEるダークネス TRANCE ver.8.7,8624,-5095,31,0,18,176.0,278.2,,479.1
2026-08-22,楽園大宮店,3219,ToLOVEるダークネス TRANCE ver.8.7,7844,-5095,40,0,23,124.5,196.1,,341.0
2026-08-22,楽園大宮店,3220,ToLOVEるダークネス TRANCE ver.8.7,8029,1096,49,0,26,107.1,163.9,,308.8
2026-08-22,楽園大宮店,3221,ToLOVEるダークネス TRANCE ver.8.7,7592,-5095,35,0,18,143.2,216.9,,421.8
2026-08-22,楽園大宮店,3222,ToLOVEるダークネス TRANCE ver.8.7,4455,-4381,18,0,12,148.5,247.5,,371.2
2026-08-22,楽園大宮店,3223,バイオハザード RE:3,3536,-2809,0,41,20,58.0,,86.2,176.8
2026-08-22,楽園大宮店,3224,バイオハザード RE:3,4359,6524,0,54,48,42.7,,80.7,90.8
2026-08-22,楽園大宮店,3225,バイオハザード RE:3,5261,-3000,0,63,35,53.7,,83.5,150.3
2026-08-22,楽園大宮店,3226,バイオハザード RE:3,3834,6238,0,73,59,29.0,,52.5,65.0
2026-08-22,楽園大宮店,3227,バイオハザード RE:3,3248,-3238,0,42,15,57.0,,77.3,216.5
2026-08-22,楽園大宮店,3228,バイオハザード RE:3,4685,3286,0,69,43,41.8,,67.9,109.0
2026-08-22,楽園大宮店,3229,バイオハザード RE:3,3909,5000,0,63,55,33.1,,62.0,71.1
2026-08-22,楽園大宮店,3230,バイオハザード RE:3,4784,-3142,0,53,30,57.6,,90.3,159.5
2026-08-22,楽園大宮店,3231,バイオハザード RE:3,3277,-1714,0,30,20,65.5,,109.2,163.8
2026-08-22,楽園大宮店,3232,とんでもスキルで異世界放浪メシ,8404,667,0,11,75,97.7,,764.0,112.1
2026-08-22,楽園大宮店,3233,とんでもスキルで異世界放浪メシ,6104,-2381,0,12,48,101.7,,508.7,127.2
2026-08-22,楽園大宮店,3234,とんでもスキルで異世界放浪メシ,8065,143,0,14,61,107.5,,576.1,132.2
2026-08-22,楽園大宮店,3235,とんでもスキルで異世界放浪メシ,7944,-2523,0,15,57,110.3,,529.6,139.4
2026-08-22,楽園大宮店,3236,とんでもスキルで異世界放浪メシ,5923,-2762,0,12,46,102.1,,493.6,128.8
2026-08-22,楽園大宮店,3237,攻殻機動隊,4592,-1571,0,13,14,170.1,,353.2,328.0
2026-08-22,楽園大宮店,3238,攻殻機動隊,8461,1334,0,21,39,141.0,,402.9,216.9
2026-08-22,楽園大宮店,3239,攻殻機動隊,4085,-3428,0,13,12,163.4,,314.2,340.4
2026-08-22,楽園大宮店,3240,攻殻機動隊,6127,-3952,0,17,16,185.7,,360.4,382.9
2026-08-22,楽園大宮店,3241,攻殻機動隊,6367,-2428,0,19,21,159.2,,335.1,303.2
2026-08-22,楽園大宮店,3242,攻殻機動隊,5127,-1571,0,16,20,142.4,,320.4,256.4
2026-08-22,楽園大宮店,3243,攻殻機動隊,5685,5810,0,15,30,126.3,,379.0,189.5
2026-08-22,楽園大宮店,3244,攻殻機動隊,6883,4667,0,13,34,146.4,,529.5,202.4
